name,category,address,phone,email,website,hours_raw,source_query,gmaps_url
Night Hawk,Cocktail bar,"43 Tg Pagar Rd, #01-02, Singapore 088464",+65 9666 0928,hello@nighthawkbar.sg,http://www.nighthawk.sg/,Tuesday5:30 pm–12 am | Wednesday5:30 pm–12 am | Thursday5:30 pm–12 am | Friday5:30 pm–1 am | Saturday5:30 pm–1 am | SundayClosed | Monday5:30 pm–12 am,bars Singapore,https://www.google.com/maps/place/Night+Hawk/data=!4m7!3m6!1s0x31da1920b9065469:0x83f8538286144b5e!8m2!3d1.2789557!4d103.8440049!16s%2Fg%2F11sz5b5tm1!19sChIJaVQGuSAZ2jERXksUhoJT-IM?authuser=0&hl=en&rclk=1
"Tess Bar & Kitchen, Singapore",Cocktail bar,"36 Seah St, Singapore 188392",+65 9826 7355,tess@tessbar.com,http://www.tessbar.com/,Tuesday 4 pm–1 am | Wednesday 4 pm–1 am | Thursday 4 pm–1 am | Friday 4 pm–3 am | Saturday 12 pm–3 am | Sunday 12 pm–1 am | Monday 4 pm–1 am | Tuesday4–7 pm | Wednesday4–7 pm | Thursday4–7 pm | Friday4–7 pm | Saturday12–7 pm | Sunday12–7 pm | Monday4–7 pm | Tuesday4–9 pm | Wednesday4–9 pm | Thursday4–9 pm | Friday4–9 pm | Saturday12–9 pm | Sunday12–9 pm | Monday4–9 pm,bars Singapore,"https://www.google.com/maps/place/Tess+Bar+%26+Kitchen,+Singapore/data=!4m7!3m6!1s0x31da19a5a0392567:0x248fe16111f0fd18!8m2!3d1.2959228!4d103.8549642!16s%2Fg%2F11b5yxmn9r!19sChIJZyU5oKUZ2jERGP3wEWHhjyQ?authuser=0&hl=en&rclk=1"
Origin Bar,Bar,"Lobby Level, Tower Wing, 22 Orange Grove Rd, 258350",+65 6213 4595,singapore@shangri-la.com,http://www.shangri-la.com/singapore/shangrila/dining/bars-lounges/origin-bar/origin-bar/?WT.mc_id=SLS_201810_GLOBAL_GOOGLEBUSINESS_PROFILE_WEBSITE_TEXTLINK_ORIGINBAR_BRANDWEB_EN,Tuesday5:30 pm–1 am | Wednesday5:30 pm–1 am | Thursday5:30 pm–1 am | Friday5:30 pm–1 am | Saturday5:30 pm–1 am | Sunday5:30 pm–1 am | Monday5:30 pm–1 am,bars Singapore,https://www.google.com/maps/place/Origin+Bar/data=!4m7!3m6!1s0x31da19f4703ca001:0x8d61d9bb106b1ea1!8m2!3d1.3109262!4d103.8267489!16s%2Fg%2F11f3m8j6b_!19sChIJAaA8cPQZ2jERoR5rELvZYY0?authuser=0&hl=en&rclk=1
28 HongKong Street,Cocktail bar,"28 Hongkong St, Singapore 059667",+65 8318 0328,Findus@28hks.com,https://www.28hks.com/,Tuesday 6 pm–1 am | Wednesday 6 pm–1 am | Thursday 6 pm–2 am | Friday 6 pm–2 am | Saturday 6 pm–2 am | Sunday 6 pm–1 am | Monday 6 pm–1 am | Tuesday6–11:30 pm | Wednesday6–11:30 pm | Thursday6 pm–12:30 am | Friday6 pm–12:30 am | Saturday6 pm–12:30 am | Sunday6–11:30 pm | Monday6–11:30 pm,bars Singapore,https://www.google.com/maps/place/28+HongKong+Street/data=!4m7!3m6!1s0x31da190aee6c5365:0x59bae3af2ea726d3!8m2!3d1.2875578!4d103.8469262!16s%2Fg%2F1ttp7tsn!19sChIJZVNs7goZ2jER0yanLq_julk?authuser=0&hl=en&rclk=1
Jigger & Pony,Bar,"165 Tg Pagar Rd, Amara Hotel, Singapore 088539",+65 9621 1074,info@jiggerandpony.com,http://jiggerandpony.com/,Tuesday 6 pm–12 am | Wednesday 6 pm–2 am | Thursday 6 pm–2 am | Friday 6 pm–2 am | Saturday 6 pm–2 am | Sunday 6 pm–12 am | Monday 6 pm–12 am | Tuesday6–7:30 pm | Wednesday6–7:30 pm | Thursday6–7:30 pm | Friday6–7:30 pm | Saturday6–7:30 pm | Sunday6–7:30 pm | Monday6–7:30 pm,bars Singapore,https://www.google.com/maps/place/Jigger+%26+Pony/data=!4m7!3m6!1s0x31da190d061da0df:0x41672a5a407459bc!8m2!3d1.275032!4d103.843551!16s%2Fg%2F1pp2tyt72!19sChIJ36AdBg0Z2jERvFl0QFoqZ0E?authuser=0&hl=en&rclk=1
The Other Room,Bar,"320 Orchard Rd, Marriott Tang Plaza Hotel, Singapore 238865",+65 8300 6085,reservations@theotherroom.com.sg,https://www.theotherroom.com.sg/,Tuesday6 pm–2 am | Wednesday6 pm–2 am | Thursday6 pm–2 am | Friday6 pm–3 am | Saturday6 pm–3 am | SundayClosed | Monday6 pm–2 am,bars Singapore,https://www.google.com/maps/place/The+Other+Room/data=!4m7!3m6!1s0x31da198d84a8766d:0x5a466a0965b64840!8m2!3d1.3053584!4d103.8328308!16s%2Fg%2F11c562btr8!19sChIJbXaohI0Z2jERQEi2ZQlqRlo?authuser=0&hl=en&rclk=1
Quaich Bar Wanderlust,Bar,"80 Middle Road, a, Luxury Collection Hotel, Frasers House, 188966",+65 9818 0885,wanderlust@whiskystore.com.sg,https://quaichbar.com.sg/,Tuesday5 pm–1 am | Wednesday5 pm–1 am | Thursday5 pm–1 am | Friday5 pm–2 am | Saturday5 pm–2 am | SundayClosed | Monday5 pm–1 am,bars Singapore,https://www.google.com/maps/place/Quaich+Bar+Wanderlust/data=!4m7!3m6!1s0x31da19b9960634c9:0x353a8c0b31327130!8m2!3d1.298314!4d103.8550497!16s%2Fg%2F11jyj5rg0c!19sChIJyTQGlrkZ2jERMHEyMQuMOjU?authuser=0&hl=en&rclk=1
Another Bar,Bar,"9 Bras Basah Rd, #02-03, Singapore 189559",+65 8857 5008,hello@another-bar.com,https://www.another-bar.com/,Tuesday6 pm–3 am | Wednesday6 pm–3 am | Thursday6 pm–3 am | Friday6 pm–3 am | Saturday8 pm–4 am | SundayClosed | MondayClosed,bars Singapore,https://www.google.com/maps/place/Another+Bar/data=!4m7!3m6!1s0x31da1934aacf802d:0xe4adbe4ae7e6168c!8m2!3d1.2986412!4d103.8491782!16s%2Fg%2F11vz9404p8!19sChIJLYDPqjQZ2jERjBbm50q-reQ?authuser=0&hl=en&rclk=1
Skinny's Lounge,Cocktail bar,"82, #01-02 Boat Quay, 049870",,info@drinkskinnys.com,http://drinkskinnys.com/,Tuesday7 pm–3 am | Wednesday7 pm–3 am | Thursday7 pm–3 am | Friday7 pm–4 am | Saturday7 pm–4 am | Sunday7 pm–3 am | MondayClosed,bars Singapore,https://www.google.com/maps/place/Skinny%27s+Lounge/data=!4m7!3m6!1s0x31da190a129e0dcd:0x2545037488cf1d4e!8m2!3d1.2885814!4d103.8491907!16s%2Fg%2F11cmzp7dj5!19sChIJzQ2eEgoZ2jERTh3PiHQDRSU?authuser=0&hl=en&rclk=1
Live Twice,Cocktail bar,"18-20 Bukit Pasoh Rd, Singapore 089834",+65 9011 8304,info@livetwice.sg,http://livetwice.sg/,Tuesday 6 pm–12 am | Wednesday 6 pm–1 am | Thursday 6 pm–1 am | Friday 6 pm–2 am | Saturday 6 pm–2 am | Sunday 6 pm–12 am | Monday 6 pm–12 am | Tuesday6–8 pm | Wednesday6–8 pm | Thursday6–8 pm | Friday6–8 pm | Saturday6–8 pm | Sunday6–8 pm | Monday6–8 pm,bars Singapore,https://www.google.com/maps/place/Live+Twice/data=!4m7!3m6!1s0x31da1938e5a0fc6d:0x52c65bb6818dc97b!8m2!3d1.2791155!4d103.8409436!16s%2Fg%2F11h7rp1mck!19sChIJbfyg5TgZ2jERe8mNgbZbxlI?authuser=0&hl=en&rclk=1
Alleybar,Bar,"2 Emerald Hill Rd, Peranakan Place, Singapore 229287",,,http://www.alleybar.sg/,Tuesday 5 pm–12 am | Wednesday 5 pm–12 am | Thursday 5 pm–12 am | Friday 5 pm–2 am | Saturday 5 pm–2 am | Sunday 5 pm–12 am | Monday 5 pm–12 am | Tuesday5–8 pm | Wednesday5–8 pm | Thursday5–8 pm | Friday5–8 pm | Saturday5–8 pm | Sunday5–8 pm | Monday5–10 pm,bars Singapore,https://www.google.com/maps/place/Alleybar/data=!4m7!3m6!1s0x31da1996cc5e4153:0x7d68f3894cfdb08f!8m2!3d1.3015903!4d103.8392131!16s%2Fg%2F1tmz4fyq!19sChIJU0FezJYZ2jERj7D9TInzaH0?authuser=0&hl=en&rclk=1
Paradise Now - Restaurant & Bar,Restaurant,"28 Choa Chu Kang Dr, #04-02 SAFRA, Singapore 689964",+65 8150 0420,hello@paradisenow.sg,https://paradisenow.sg/,Tuesday 5 pm–1 am | Wednesday 5 pm–1 am | Thursday 5 pm–1 am | Friday 5 pm–1 am | Saturday 11 am–1 am | Sunday 11 am–1 am | Monday 5 pm–1 am | Tuesday5–8 pm | Wednesday5–8 pm | Thursday5–8 pm | Friday5–8 pm | Saturday11 am–8 pm | Sunday11 am–8 pm | Monday5–8 pm | Tuesday5–9:30 pm | Wednesday5–9:30 pm | Thursday5–9:30 pm | Friday5–9:30 pm | Saturday11 am–9:30 pm | Sunday11 am–9:30 pm | Monday5–9:30 pm | Tuesday5 pm–12 am | Wednesday5 pm–12 am | Thursday5 pm–12 am | Friday5 pm–12 am | Saturday11 am–12 am | Sunday11 am–12 am | Monday5 pm–12 am | Tuesday5–10 pm | Wednesday5–10 pm | Thursday5–10 pm | Friday5–10 pm | Saturday5–10 pm | Sunday5–10 pm | Monday5–10 pm | TuesdayClosed | WednesdayClosed | ThursdayClosed | FridayClosed | Saturday11 am–5 pm | Sunday11 am–5 pm | MondayClosed,bars Singapore,https://www.google.com/maps/place/Paradise+Now+-+Restaurant+%26+Bar/data=!4m7!3m6!1s0x31da1160ca317cc3:0x849eb0e9795499a9!8m2!3d1.3887429!4d103.7472584!16s%2Fg%2F11t_yxzxs8!19sChIJw3wxymAR2jERqZlUeemwnoQ?authuser=0&hl=en&rclk=1
ATLAS,Cocktail bar,"600 N Bridge Rd, Parkview Square, Singapore 188778",+65 6396 4466,info@atlasbar.sg,http://www.atlasbar.sg/,Tuesday12 pm–12 am | Wednesday12 pm–12 am | Thursday12 pm–12 am | Friday12 pm–2 am | Saturday12 pm–2 am | SundayClosed | Monday3 pm–12 am,bars Singapore,https://www.google.com/maps/place/ATLAS/data=!4m7!3m6!1s0x31da19b066f8cac9:0x1a822ab9ded25293!8m2!3d1.3001138!4d103.8577754!16s%2Fg%2F11g6mh85c_!19sChIJycr4ZrAZ2jERk1LS3rkqgho?authuser=0&hl=en&rclk=1
Republic Bar Singapore,Bar,"7 Raffles Ave., Singapore 039799",+65 6434 5289,rc.sinrz.restaurantreservations@ritzcarlton.com,http://www.republicbar.com.sg/,Tuesday8 am–12 am | Wednesday8 am–12 am | Thursday8 am–12 am | Friday8 am–1 am | Saturday8 am–1 am | Sunday8 am–12 am | Monday8 am–12 am,bars Singapore,https://www.google.com/maps/place/Republic+Bar+Singapore/data=!4m7!3m6!1s0x31da1985849fee1b:0xdad9016b81ae5ae4!8m2!3d1.2903805!4d103.8603647!16s%2Fg%2F11pwv92mny!19sChIJG-6fhIUZ2jER5FqugWsB2do?authuser=0&hl=en&rclk=1
Manhattan,Cocktail bar,"1 Cuscaden Rd, Level 2, Singapore 249715",+65 6725 3377,,http://www.conradsingaporeorchard.com/manhattan,Tuesday5 pm–12 am | Wednesday5 pm–12 am | Thursday5 pm–12 am | Friday5 pm–1 am | Saturday5 pm–1 am | Sunday12–3 pm6 pm–12 am | Monday5 pm–12 am,bars Singapore,https://www.google.com/maps/place/Manhattan/data=!4m7!3m6!1s0x31da198bb197e287:0xec005ec6232f9dbe!8m2!3d1.3047647!4d103.8251569!16s%2Fg%2F1q64qk3_v!19sChIJh-KXsYsZ2jERvp0vI8ZeAOw?authuser=0&hl=en&rclk=1
No.5 Emerald Hill,Cocktail bar,"5 Emerald Hill Rd, Singapore 229289",+65 6732 0818,info@emerald-hill.com,http://www.emerald-hill.com/,Tuesday12 pm–2 am | Wednesday12 pm–2 am | Thursday12 pm–2 am | Friday12 pm–3 am | Saturday12 pm–3 am | Sunday12 pm–2 am | Monday12 pm–2 am,bars Singapore,https://www.google.com/maps/place/No.5+Emerald+Hill/data=!4m7!3m6!1s0x31da1996cb3f8cc9:0xe84698aeb66591ef!8m2!3d1.3018148!4d103.8390852!16s%2Fg%2F1tfd9zxx!19sChIJyYw_y5YZ2jER75Fltq6YRug?authuser=0&hl=en&rclk=1
Native,Cocktail bar,"52A Amoy St, Singapore 069878",+65 8869 6520,info@tribenative.com,http://tribenative.com/,Tuesday6 pm–12 am | Wednesday6 pm–12 am | Thursday6 pm–12 am | Friday6 pm–2 am | Saturday6 pm–2 am | SundayClosed | Monday6 pm–12 am,bars Singapore,https://www.google.com/maps/place/Native/data=!4m7!3m6!1s0x31da190d64539b79:0x3bd8a2fabc3d6577!8m2!3d1.2801256!4d103.8468629!16s%2Fg%2F11c2plsy4q!19sChIJeZtTZA0Z2jERd2U9vPqi2Ds?authuser=0&hl=en&rclk=1
Tap House,Pub,"2 Venture Dr, #01-12 / 13 Vision Exchange, Singapore 608526",+65 8382 6288,,,Tuesday3 pm–1 am | Wednesday3 pm–1 am | Thursday3 pm–1 am | Friday3 pm–1 am | Saturday6 pm–2 am | Sunday6 pm–1 am | Monday3 pm–1 am,bars Singapore,"https://www.google.com/maps/place/Tap+House/@1.3299464,103.7446555,17z/data=!3m1!4b1!4m6!3m5!1s0x31da1111ab77f5a5:0xb3d72a6b7e74b3d!8m2!3d1.3299464!4d103.7446555!16s%2Fg%2F11y409f282?authuser=0&hl=en&entry=ttu&g_ep=EgoyMDI2MDQyOS4wIKXMDSoASAFQAw%3D%3D"
Star Bagawan Bar By The River,Bar,"82 Boat Quay, #01-01A, Singapore 049870",+65 9231 8513,,,Tuesday 7 pm–3 am | Wednesday 7 pm–3 am | Thursday 7 pm–4 am | Friday 7 pm–4 am | Saturday 7 pm–4 am | Sunday 7 pm–3 am | Monday 7 pm–3 am | Tuesday7 pm–3 am | Wednesday7 pm–3 am | Thursday7 pm–3 am | Friday7 pm–3 am | Saturday7 pm–4 am | Sunday7 pm–3 am | Monday7 pm–3 am | Tuesday7 pm–3 am | Wednesday7 pm–3 am | Thursday7 pm–4 am | Friday7 pm–4 am | Saturday7 pm–4 am | Sunday7 pm–3 am | Monday7 pm–3 am | Tuesday7 pm–3 am | Wednesday7 pm–3 am | Thursday7 pm–3 am | Friday7 pm–3 am | Saturday7 pm–4 am | Sunday7 pm–3 am | Monday7 pm–3 am,bars Singapore,"https://www.google.com/maps/place/Star+Bagawan+Bar+By+The+River/@1.2885832,103.8493318,17z/data=!4m7!3m6!1s0x31da19007888347f:0x78a10c021be2fdce!8m2!3d1.2885832!4d103.8493318!10e2!16s%2Fg%2F11y3hrsvqb?authuser=0&hl=en&entry=ttu&g_ep=EgoyMDI2MDQyOS4wIKXMDSoASAFQAw%3D%3D"
The Spiffy Dapper,Cocktail bar,"294 River Valley Rd, Singapore 238335",+65 9248 3771,,http://spiffydapper.com/,Tuesday5 pm–1 am | Wednesday5 pm–1 am | Thursday5 pm–1 am | Friday5 pm–2 am | Saturday5 pm–2 am | Sunday5 pm–1 am | Monday5 pm–1 am,bars Singapore,https://www.google.com/maps/place/The+Spiffy+Dapper/data=!4m7!3m6!1s0x31da19ff963821f5:0x53270418cb39cbf8!8m2!3d1.2953566!4d103.841618!16s%2Fg%2F11lrn32md4!19sChIJ9SE4lv8Z2jER-Ms5yxgEJ1M?authuser=0&hl=en&rclk=1
Gibson Bar,Cocktail bar,"20 Bukit Pasoh Rd, #2nd Floor, Singapore 089834",+65 9114 8385,info@gibsonbar.sg,http://www.gibsonbar.sg/,Tuesday 6 pm–12 am | Wednesday 6 pm–1 am | Thursday 6 pm–1 am | Friday 6 pm–2 am | Saturday 6 pm–2 am | Sunday 6 pm–12 am | Monday 6 pm–12 am | Tuesday6–8 pm | Wednesday6–8 pm | Thursday6–8 pm | Friday6–8 pm | Saturday6–8 pm | Sunday6–8 pm | Monday6–8 pm,bars Singapore,https://www.google.com/maps/place/Gibson+Bar/data=!4m7!3m6!1s0x31da196d8de40db3:0x32419f831e22834f!8m2!3d1.279085!4d103.840924!16s%2Fg%2F11bwp30wtx!19sChIJsw3kjW0Z2jERT4MiHoOfQTI?authuser=0&hl=en&rclk=1
The House Bar,Bar,"1 Cuscaden Rd, #01-02 Conrad Singapore, Singapore 249715",+65 8031 2697,thehousebarsg@gmail.com,https://thehousebar.com.sg/,Tuesday 5 pm–12 am | Wednesday 5 pm–12 am | Thursday 5 pm–12 am | Friday 5 pm–1 am | Saturday 5 pm–1 am | Sunday Closed | Monday 5 pm–12 am | Tuesday5–7 pm | Wednesday5–7 pm | Thursday5–7 pm | Friday5–7 pm | Saturday5–7 pm | SundayClosed | Monday5–7 pm,bars Singapore,https://www.google.com/maps/place/The+House+Bar/data=!4m7!3m6!1s0x31da197a81f146cf:0xfce55cab6c03c7c!8m2!3d1.3046549!4d103.8249313!16s%2Fg%2F11rvdc062p!19sChIJz0bxgXoZ2jERfDzAtspVzg8?authuser=0&hl=en&rclk=1
Oriental Elixir,Cocktail bar,"Inside Spiffy Dapper, 294 River Valley Rd, 238335",+65 8949 1466,,https://www.instagram.com/oriental.elixir/,Tuesday7 pm–1 am | Wednesday7 pm–1 am | Thursday7 pm–1 am | Friday7 pm–1 am | Saturday7 pm–1 am | Sunday7 pm–1 am | MondayClosed,bars Singapore,https://www.google.com/maps/place/Oriental+Elixir/data=!4m7!3m6!1s0x31da192f9272157f:0x1625902ff1ac4b74!8m2!3d1.295386!4d103.841737!16s%2Fg%2F11h6yr5vmq!19sChIJfxVyki8Z2jERdEus8S-QJRY?authuser=0&hl=en&rclk=1
Burnt Ends Bar,Bar,"7 Dempsey Rd, #01-04, Singapore 249671",+65 8073 3948,eat@burntends.com.sg,https://burntends.com.sg/reservation/#1663565146092-9bbb650c-44fd,Tuesday5 pm–1 am | Wednesday5 pm–1 am | Thursday5 pm–1 am | Friday5 pm–1 am | Saturday5 pm–2 am | SundayClosed | MondayClosed,bars Singapore,https://www.google.com/maps/place/Burnt+Ends+Bar/data=!4m7!3m6!1s0x31da1bf0a80291b3:0xb1ecb48fc6e4574a!8m2!3d1.3046218!4d103.8089078!16s%2Fg%2F11y3dcx91n!19sChIJs5ECqPAb2jERSlfkxo-07LE?authuser=0&hl=en&rclk=1
Sago House,Bar,"37 Duxton Hl, Singapore 089615",+65 8874 9936,,https://instagram.com/sagohouse.sg?igshid=NGVhN2U2NjQ0Yg%3D%3D&utm_source=qr,Tuesday5 pm–1 am | Wednesday5 pm–1 am | Thursday5 pm–1 am | Friday5 pm–1 am | Saturday5 pm–2 am | Sunday5 pm–1 am | Monday5 pm–1 am,bars Singapore,https://www.google.com/maps/place/Sago+House/data=!4m7!3m6!1s0x31da19a933bccaa1:0xa18246556acaf7d6!8m2!3d1.27849!4d103.842802!16s%2Fg%2F11jt9h5ql9!19sChIJocq8M6kZ2jER1vfKalVGgqE?authuser=0&hl=en&rclk=1
The Backdrop,Cocktail bar,"581 Orchard Rd, #01-15/16 - 238883 Voco Orchard Singapore, Singapore 238883",+65 9645 4780,events@thebackdrop.sg,https://www.thebackdrop.sg/,TuesdayClosed | Wednesday6 pm–2 am | Thursday6 pm–2 am | Friday7 pm–3 am | Saturday7 pm–3 am | Sunday6 pm–2 am | MondayClosed,bars Singapore,https://www.google.com/maps/place/The+Backdrop/data=!4m7!3m6!1s0x31da1993c8db0345:0xefc447cfe6f168e7!8m2!3d1.3060744!4d103.8293006!16s%2Fg%2F11l245yglb!19sChIJRQPbyJMZ2jER52jx5s9HxO8?authuser=0&hl=en&rclk=1
The Bar KAKURE,Bar,"29 Scotts Rd, Singapore 228224",+65 9061 6109,info@thebarkakure.com,https://thebarkakure.com/,Tuesday6 pm–1 am | Wednesday6 pm–1 am | Thursday6 pm–1 am | Friday6 pm–1 am | Saturday6 pm–1 am | SundayClosed | Monday6 pm–1 am,bars Singapore,https://www.google.com/maps/place/The+Bar+KAKURE/data=!4m7!3m6!1s0x31da19ed987aaaab:0x133fc262eb53a857!8m2!3d1.3105252!4d103.8345856!16s%2Fg%2F11h7s4hj_4!19sChIJq6p6mO0Z2jERV6hT62LCPxM?authuser=0&hl=en&rclk=1
Quaich Bar Collector,Bar,"390A Havelock Rd, Singapore 169664",+65 8181 3832,wanderlust@whiskystore.com.sg,http://www.quaichbar.com.sg/,Tuesday5 pm–1 am | Wednesday5 pm–1 am | Thursday5 pm–1 am | Friday5 pm–2 am | Saturday5 pm–2 am | Sunday5 pm–1 am | Monday5 pm–1 am,bars Singapore,https://www.google.com/maps/place/Quaich+Bar+Collector/data=!4m7!3m6!1s0x31da199d6cd14387:0x334a9162ea0ab5ad!8m2!3d1.2899036!4d103.835146!16s%2Fg%2F1thscfwj!19sChIJh0PRbJ0Z2jERrbUK6mKRSjM?authuser=0&hl=en&rclk=1
Chupitos,Restaurant,"3E River Valley Road #01-01, The Circuit, CQ@, Clarke Quay, 179024",+65 8761 8117,info@chupitos.sg,http://chupitos.sg/,Tuesday5:30 pm–1:30 am | Wednesday5:30 pm–1:30 am | Thursday5:30 pm–1:30 am | Friday5:30 pm–3 am | Saturday4:30 pm–3 am | Sunday4:30 pm–1:30 am | Monday5:30 pm–1:30 am,bars Singapore,https://www.google.com/maps/place/Chupitos/data=!4m7!3m6!1s0x31da19a03d9d6b8d:0x94d4618a8759f376!8m2!3d1.2901911!4d103.8462401!16s%2Fg%2F1tf55db6!19sChIJjWudPaAZ2jERdvNZh4ph1JQ?authuser=0&hl=en&rclk=1
Acid Bar & Restaurant,Restaurant,"180 Orchard Rd, Singapore 238846",,hello@peranakanplace.com,https://www.acidbar.sg/,Tuesday 11:30 am–12 am | Wednesday 11:30 am–12 am | Thursday 11:30 am–12 am | Friday 11:30 am–2 am | Saturday 11 am–2 am | Sunday 11 am–12 am | Monday 11:30 am–12 am | Tuesday11:30 am–3 pm | Wednesday11:30 am–3 pm | Thursday11:30 am–3 pm | Friday11:30 am–3 pm | SaturdayClosed | SundayClosed | Monday11:30 am–3 pm | Tuesday5–8 pm | Wednesday5–8 pm | Thursday5–8 pm | Friday5–7 pm | Saturday5–7 pm | Sunday5–8 pm | Monday5–8 pm | TuesdayClosed | WednesdayClosed | ThursdayClosed | FridayClosed | Saturday11 am–3 pm | Sunday11 am–3 pm | MondayClosed,bars Singapore,https://www.google.com/maps/place/Acid+Bar+%26+Restaurant/data=!4m7!3m6!1s0x31da1996d05c9d45:0x70810a572801f5df!8m2!3d1.3015153!4d103.8391555!16s%2Fg%2F1td563_4!19sChIJRZ1c0JYZ2jER3_UBKFcKgXA?authuser=0&hl=en&rclk=1
Las Palmas Rooftop Bar,Bar,"99 Irrawaddy Rd, Level 33 Courtyard Marriott Singapore, Singapore 329568",+65 6250 0303,fnb.courtyardsg@marriott.com,http://laspalmasbar.com/,Tuesday5 pm–12 am | Wednesday5 pm–12 am | Thursday5 pm–12 am | Friday5 pm–1 am | Saturday3 pm–1 am | Sunday3 pm–12 am | MondayClosed,bars Singapore,https://www.google.com/maps/place/Las+Palmas+Rooftop+Bar/data=!4m7!3m6!1s0x31da19e73e4f3def:0x78109381939f4081!8m2!3d1.3205847!4d103.843232!16s%2Fg%2F11gcf6j7hr!19sChIJ7z1PPucZ2jERgUCfk4GTEHg?authuser=0&hl=en&rclk=1
Employees Only Singapore,Cocktail bar,"112 Amoy St, Singapore 069932",+65 6221 7357,reservations@employeesonlysg.com,http://employeesonlysg.com/,Tuesday 5 pm–1 am | Wednesday 5 pm–1 am | Thursday 5 pm–1 am | Friday 5 pm–2 am | Saturday 5 pm–2 am | Sunday 5 pm–1 am | Monday 5 pm–1 am | Tuesday5–9:30 pm | Wednesday5:30–9:30 pm | Thursday5:30–9:30 pm | Friday5:30–9:30 pm | Saturday5:30–9:30 pm | Sunday5:30–9:30 pm | Monday5:30–9:30 pm,bars Singapore,https://www.google.com/maps/place/Employees+Only+Singapore/data=!4m7!3m6!1s0x31da190d000c726b:0xbf4dc480c93125a6!8m2!3d1.2820556!4d103.8476771!16s%2Fg%2F11cn9p2z1r!19sChIJa3IMAA0Z2jERpiUxyYDETb8?authuser=0&hl=en&rclk=1
Quaich Bar Avant-Garde,Bar,"South Beach Avenue, 30 Beach Rd, 189763",+65 9828 1328,wanderlust@whiskystore.com.sg,http://www.quaichbar.com.sg/,Tuesday5 pm–1 am | Wednesday5 pm–1 am | Thursday5 pm–1 am | Friday5 pm–2 am | Saturday5 pm–2 am | Sunday5 pm–1 am | Monday5 pm–1 am,bars Singapore,https://www.google.com/maps/place/Quaich+Bar+Avant-Garde/data=!4m7!3m6!1s0x31da19a5fc75927f:0x4f8ac9c25f866087!8m2!3d1.2939201!4d103.8558754!16s%2Fg%2F11c2p3rn2m!19sChIJf5J1_KUZ2jERh2CGX8LJik8?authuser=0&hl=en&rclk=1
beGIN,Bar,"27a Boat Quay, The Penny Black Upstairs, Singapore 049817",+65 9724 8423,,http://www.begin.com.sg/,Tuesday5 pm–12 am | Wednesday5 pm–12 am | Thursday5 pm–12 am | Friday5 pm–1 am | Saturday5 pm–1 am | SundayClosed | Monday5 pm–12 am,bars Singapore,https://www.google.com/maps/place/beGIN/data=!4m7!3m6!1s0x31da19bacb5a7809:0xaa06a22c438aa79b!8m2!3d1.2858968!4d103.8499393!16s%2Fg%2F11fj5s37rq!19sChIJCXhay7oZ2jERm6eKQyyiBqo?authuser=0&hl=en&rclk=1
The Elephant Room Singapore,Cocktail bar,"33 Tg Pagar Rd, #01-02, Singapore 088456",+65 9111 5131,info@theelephantroom.sg,http://www.theelephantroom.sg/,Tuesday 6 pm–12 am | Wednesday 6 pm–12 am | Thursday 6 pm–2 am | Friday 6 pm–2 am | Saturday 6 pm–2 am | Sunday 6 pm–12 am | Monday Closed | Tuesday6–10:30 pm | Wednesday6–10:30 pm | Thursday6–10:30 pm | Friday6–10:30 pm | Saturday6–10:30 pm | Sunday6–10:30 pm | MondayClosed,cocktail bars Singapore,https://www.google.com/maps/place/The+Elephant+Room+Singapore/data=!4m7!3m6!1s0x31da195ff1323fbd:0x9c41c9387c879f32!8m2!3d1.279188!4d103.844008!16s%2Fg%2F11fnqk14p6!19sChIJvT8y8V8Z2jERMp-HfDjJQZw?authuser=0&hl=en&rclk=1
Punch Room Singapore,Bar,"38 Cuscaden Rd, LG, Singapore 249731",+65 6329 5000,PunchRoom.sgedition@editionhotels.com,https://www.editionhotels.com/singapore/restaurants-and-bars/punch-room/,Tuesday8 pm–2 am | Wednesday8 pm–2 am | Thursday8 pm–2 am | Friday8 pm–2 am | Saturday8 pm–2 am | SundayClosed | MondayClosed,cocktail bars Singapore,https://www.google.com/maps/place/Punch+Room+Singapore/data=!4m7!3m6!1s0x31da19de82978b85:0xc32ec6dca4ad42b8!8m2!3d1.3053638!4d103.8274224!16s%2Fg%2F11vpf2xzs2!19sChIJhYuXgt4Z2jERuEKtpNzGLsM?authuser=0&hl=en&rclk=1
Salud,Cocktail bar,"19 Keong Saik Rd., Singapore 089126",+65 9029 0004,,,Tuesday6 pm–1 am | Wednesday6 pm–1 am | Thursday6 pm–1 am | Friday6 pm–1 am | Saturday6 pm–2 am | SundayClosed | Monday6 pm–1 am,cocktail bars Singapore,"https://www.google.com/maps/place/Salud/@1.2797204,103.8414484,17z/data=!3m1!4b1!4m6!3m5!1s0x31da19bec4199031:0xdb7843cfb14c90de!8m2!3d1.2797204!4d103.8414484!16s%2Fg%2F11kjqmp6cx?authuser=0&hl=en&entry=ttu&g_ep=EgoyMDI2MDQyOS4wIKXMDSoASAFQAw%3D%3D"
Offtrack,Cocktail bar,"34 N Canal Rd, #01-01, Singapore 059290",+65 8748 0408,hello@offtrack.sg,http://www.offtrack.sg/,Tuesday 6 pm–12 am | Wednesday 6 pm–12 am | Thursday 6 pm–12 am | Friday 5 pm–1 am | Saturday 5 pm–1 am | Sunday Closed | Monday 6 pm–12 am | Tuesday6–7 pm | Wednesday6–7 pm | Thursday6–7 pm | Friday5–7 pm | Saturday5–7 pm | SundayClosed | Monday6–7 pm | Tuesday6–9:45 pm | Wednesday6–9:45 pm | Thursday6–9:45 pm | Friday5–9:45 pm | Saturday5–9:45 pm | SundayClosed | Monday6–9:45 pm,cocktail bars Singapore,https://www.google.com/maps/place/Offtrack/data=!4m7!3m6!1s0x31da19963cdecdf7:0x1f01bc4d6a92b7df!8m2!3d1.2869115!4d103.847206!16s%2Fg%2F11smcq6j4s!19sChIJ983ePJYZ2jER37eSak28AR8?authuser=0&hl=en&rclk=1
HighHouse,Restaurant,"1 Raffles Pl, L61-62, Singapore 048616",+65 9677 8074,hello@highhouse.sg,https://www.highhouse.sg/,Tuesday11:30 am–11 pm | Wednesday11:30 am–1 am | Thursday11:30 am–1 am | Friday11:30 am–1 am | Saturday5 pm–1 am | SundayClosed | Monday11:30 am–11 pm,cocktail bars Singapore,https://www.google.com/maps/place/HighHouse/data=!4m7!3m6!1s0x31da19ea9745a08b:0xf58982a852f90355!8m2!3d1.2848009!4d103.8511838!16s%2Fg%2F11krn5218q!19sChIJi6BFl-oZ2jERVQP5UqiCifU?authuser=0&hl=en&rclk=1
Lobby Bar at The Singapore EDITION,Bar,"38 Cuscaden Rd, Level 1, Singapore 249731",+65 6329 5000,LobbyBar.sgedition@editionhotels.com,https://www.editionhotels.com/singapore/restaurants-and-bars/lobby-bar/,Tuesday8 am–12 am | Wednesday8 am–12 am | Thursday8 am–1 am | Friday8 am–1 am | Saturday8 am–1 am | Sunday8 am–12 am | Monday8 am–12 am,cocktail bars Singapore,https://www.google.com/maps/place/Lobby+Bar+at+The+Singapore+EDITION/data=!4m7!3m6!1s0x31da19886e542a45:0xa39d7a2e988efba2!8m2!3d1.3053638!4d103.8274224!16s%2Fg%2F11l75cq4mb!19sChIJRSpUbogZ2jERovuOmC56naM?authuser=0&hl=en&rclk=1
The Penny Black,Pub,"26-27 Boat Quay, Singapore 049817",+65 6538 2300,,,Tuesday12 pm–12 am | Wednesday12 pm–12 am | Thursday12 pm–12 am | Friday12 pm–1 am | Saturday12 pm–1 am | Sunday12 pm–12 am | Monday3 pm–12 am,pubs Singapore,"https://www.google.com/maps/place/The+Penny+Black/@1.285934,103.849953,17z/data=!3m1!4b1!4m6!3m5!1s0x31da190bdb71be0d:0xed1beb1436b876af!8m2!3d1.285934!4d103.849953!16s%2Fg%2F1tls0c18?authuser=0&hl=en&entry=ttu&g_ep=EgoyMDI2MDQyOS4wIKXMDSoASAFQAw%3D%3D"
The Public House,Pub,"42 Circular Rd, Singapore 049398",+65 6533 3545,,http://www.facebook.com/thepublichouse.sg,Tuesday12 pm–1 am | Wednesday12 pm–2 am | Thursday12 pm–2 am | Friday12 pm–3 am | Saturday6 pm–3 am | SundayClosed | Monday12 pm–1 am,pubs Singapore,https://www.google.com/maps/place/The+Public+House/data=!4m7!3m6!1s0x31da190bc8336b51:0x1bc56f46da8526ca!8m2!3d1.2863612!4d103.8493588!16s%2Fg%2F1ptynnxfy!19sChIJUWszyAsZ2jERyiaF2kZvxRs?authuser=0&hl=en&rclk=1
Molly Malone's Irish Pub,Irish pub,"56 Circular Rd, Singapore 049411",+65 6536 2029,craicsquad@molly-malone.com,http://www.molly-malone.com/,Tuesday11 am–1 am | Wednesday11 am–1 am | Thursday11 am–1 am | Friday11 am–3 am | Saturday12 pm–3 am | Sunday12 pm–1 am | Monday11 am–1 am,pubs Singapore,https://www.google.com/maps/place/Molly+Malone%27s+Irish+Pub/data=!4m7!3m6!1s0x31da190bc81cca9f:0xa85074372f62d00a!8m2!3d1.2859317!4d103.849344!16s%2Fg%2F1td_w33j!19sChIJn8ocyAsZ2jERCtBiLzd0UKg?authuser=0&hl=en&rclk=1
Wala Wala Cafe Bar,Bar,"31 Lor Mambong, Singapore 277689",+65 6462 4288,info@walawala.sg,http://www.walawala.sg/,Tuesday 4 pm–12 am | Wednesday 4 pm–12 am | Thursday 4 pm–1 am | Friday 4 pm–1 am | Saturday 4 pm–1 am | Sunday 4 pm–1 am | Monday 4 pm–12 am | Tuesday4–9 pm | Wednesday4–9 pm | Thursday4–9 pm | Friday4–9 pm | Saturday4–9 pm | Sunday4–9 pm | Monday4–9 pm,pubs Singapore,https://www.google.com/maps/place/Wala+Wala+Cafe+Bar/data=!4m7!3m6!1s0x31da1a6b958c754d:0x3dcc32df1724b508!8m2!3d1.3115853!4d103.794408!16s%2Fg%2F1w0hy455!19sChIJTXWMlWsa2jERCLUkF98yzD0?authuser=0&hl=en&rclk=1
SE9TEMBER CAFE & PUB,Karaoke bar,"1 Selegie Rd, #02-04/05 GR.iD (GR.iD Singapore), Singapore 188306",+65 8236 3881,,,Tuesday5 pm–2 am | Wednesday5 pm–2 am | Thursday5 pm–2 am | Friday5 pm–3 am | Saturday7 pm–3 am | SundayClosed | Monday5 pm–2 am,pubs Singapore,"https://www.google.com/maps/place/SE9TEMBER+CAFE+%26+PUB/@1.3005405,103.8492521,17z/data=!3m1!4b1!4m6!3m5!1s0x31da199f82835bcf:0xad478ebeaeff5322!8m2!3d1.3005405!4d103.8492521!16s%2Fg%2F11mb59601z?authuser=0&hl=en&entry=ttu&g_ep=EgoyMDI2MDQyOS4wIKXMDSoASAFQAw%3D%3D"
The Queen's Pub,English restaurant,"9 Raffles Blvd, Singapore 039596",+65 8690 7552,info@thequeenspub.com,https://www.thequeenspub.sg/,Tuesday12 pm–1 am | Wednesday12 pm–1 am | Thursday12 pm–1 am | Friday12 pm–1 am | Saturday3 pm–1 am | Sunday3 pm–1 am | Monday12 pm–1 am,pubs Singapore,https://www.google.com/maps/place/The+Queen%27s+Pub/data=!4m7!3m6!1s0x31da1954f7202a51:0xefd2e58228ff480d!8m2!3d1.2929634!4d103.8592985!16s%2Fg%2F11sks_lg05!19sChIJUSog91QZ2jERDUj_KILl0u8?authuser=0&hl=en&rclk=1
Ming's Cafe & Pub,Pub,"195 Upper Thomson Rd, Singapore 574340",,,,Tuesday5 pm–1 am | Wednesday5 pm–1 am | Thursday5 pm–1 am | Friday5 pm–2 am | Saturday5 pm–2 am | Sunday5 pm–1 am | Monday5 pm–1 am,pubs Singapore,"https://www.google.com/maps/place/Ming's+Cafe+%26+Pub/@1.3517545,103.835289,17z/data=!3m1!4b1!4m6!3m5!1s0x31da173a5ab669c3:0xdf656d85acf7e0cc!8m2!3d1.3517545!4d103.835289!16s%2Fg%2F1tg2h5tn?authuser=0&hl=en&entry=ttu&g_ep=EgoyMDI2MDQyOS4wIKXMDSoASAFQAw%3D%3D"
Rays The Bar,Bistro,"2 Venture Dr, #01-40 magic life pte. ltd., Singapore 608526",,,,Tuesday6 pm–1 am | Wednesday6 pm–1 am | Thursday6 pm–1 am | Friday6 pm–1 am | Saturday6 pm–2 am | SundayClosed | Monday6 pm–1 am,pubs Singapore,"https://www.google.com/maps/place/Rays+The+Bar/@1.3302364,103.7445084,17z/data=!3m1!4b1!4m6!3m5!1s0x31da1131f0122a03:0x9f36db3ce936ac36!8m2!3d1.3302364!4d103.7445084!16s%2Fg%2F11n77psy4l?authuser=0&hl=en&entry=ttu&g_ep=EgoyMDI2MDQyOS4wIKXMDSoASAFQAw%3D%3D"
爱忘忧 Pub,Bar,"261 Jln Besar, Singapore 208936",+65 9152 5275,,https://www.facebook.com/iwantyou261,Tuesday3:30 pm–1 am | Wednesday3:30 pm–1 am | Thursday3:30 pm–1 am | Friday3:30 pm–3 am | Saturday3:30 pm–3 am | Sunday3:30 pm–1 am | Monday3:30 pm–1 am,pubs Singapore,https://www.google.com/maps/place/%E7%88%B1%E5%BF%98%E5%BF%A7+Pub/data=!4m7!3m6!1s0x31da19d9336c5545:0xcca3030fb7f07ae!8m2!3d1.3102998!4d103.858353!16s%2Fg%2F11h4n9zjw_!19sChIJRVVsM9kZ2jERrgd_-zAwygw?authuser=0&hl=en&rclk=1
Blueberry Hill Pub & Cafe,Pub,"20 Jln Leban, Singapore 577556",,,,Tuesday4 pm–1 am | Wednesday4 pm–1 am | Thursday4 pm–1 am | Friday4 pm–1 am | Saturday4 pm–1 am | Sunday4 pm–1 am | Monday4 pm–1 am,pubs Singapore,"https://www.google.com/maps/place/Blueberry+Hill+Pub+%26+Cafe/@1.3718885,103.8293335,17z/data=!3m1!4b1!4m6!3m5!1s0x31da16d1c9cc20a1:0x6ad73c82bf353239!8m2!3d1.3718885!4d103.8293335!16s%2Fg%2F1tg32qmd?authuser=0&hl=en&entry=ttu&g_ep=EgoyMDI2MDQyOS4wIKXMDSoASAFQAw%3D%3D"
MALT Craft Beer Bar,Bar,"302 Beach Rd, #01-07 Concourse Skyline, Singapore 199600",+65 8091 0908,maltbarsg@gmail.com,http://www.maltcraftbeerbar.com/,Tuesday5–11 pm | Wednesday5–11 pm | Thursday5–11 pm | Friday5 pm–1 am | SaturdayClosed | SundayClosed | MondayClosed,pubs Singapore,https://www.google.com/maps/place/MALT+Craft+Beer+Bar/data=!4m7!3m6!1s0x31da195fcec7dc67:0x956a907a1b367745!8m2!3d1.3010448!4d103.8621393!16s%2Fg%2F11j4dmstkq!19sChIJZ9zHzl8Z2jERRXc2G3qQapU?authuser=0&hl=en&rclk=1
LE WHITE BAR,Karaoke bar,"27 W Coast Hwy, #01-05, Singapore 117867",+65 9753 2848,,http://www.lewhitebar.com/,Tuesday 4 pm–1 am | Wednesday 4 pm–1 am | Thursday 4 pm–1 am | Friday 4 pm–1 am | Saturday 4 pm–2 am | Sunday 4 pm–1 am | Monday 4 pm–1 am | Tuesday4–7 pm | Wednesday4–7 pm | Thursday4–7 pm | Friday4–7 pm | Saturday4–7 pm | Sunday4–7 pm | Monday4–7 pm,pubs Singapore,https://www.google.com/maps/place/LE+WHITE+BAR/data=!4m7!3m6!1s0x31da1b682a6a8267:0x7adaf89c87b3e33a!8m2!3d1.2831852!4d103.7805348!16s%2Fg%2F11kk5tgjm3!19sChIJZ4JqKmgb2jEROuOzh5z42no?authuser=0&hl=en&rclk=1
Moon Pub,Pub,"6 Jln Klapa, Singapore 199318",,,https://www.facebook.com/profile.php?id=61552385158034,Tuesday5 pm–3 am | Wednesday5 pm–3 am | Thursday5 pm–3 am | Friday5 pm–3 am | Saturday5 pm–3 am | Sunday7 pm–2 am | Monday5 pm–3 am,pubs Singapore,https://www.google.com/maps/place/Moon+Pub/data=!4m7!3m6!1s0x31da19bef141f03f:0x2e7dfbd24767bdfd!8m2!3d1.3042326!4d103.8600147!16s%2Fg%2F11s82jrpnj!19sChIJP_BB8b4Z2jER_b1nR9L7fS4?authuser=0&hl=en&rclk=1
D.Bespoke,Bar,"2 Bukit Pasoh Rd, Singapore 089816",+65 8141 5741,reservations@dbespoke.sg,http://www.dbespoke.sg/,Tuesday6 pm–1 am | Wednesday6 pm–1 am | Thursday6 pm–1 am | Friday6 pm–2 am | Saturday6 pm–2 am | SundayClosed | Monday6 pm–1 am,pubs Singapore,https://www.google.com/maps/place/D.Bespoke/data=!4m7!3m6!1s0x31da196d97ab6b7d:0x192ea5339324a4c7!8m2!3d1.2787135!4d103.8410542!16s%2Fg%2F11b6ns6k_5!19sChIJfWurl20Z2jERx6QkkzOlLhk?authuser=0&hl=en&rclk=1
The Windsor Arms,Gastropub,"73 Bukit Tinggi Rd, Singapore 289761",+65 6467 4311,,,Tuesday12–11 pm | Wednesday12–11 pm | Thursday12–11 pm | Friday12 pm–1 am | Saturday12 pm–1 am | Sunday12–11 pm | Monday12–11 pm,pubs Singapore,"https://www.google.com/maps/place/The+Windsor+Arms/@1.345831,103.792638,17z/data=!3m1!4b1!4m6!3m5!1s0x31da10ecaa085d95:0xefda11f1fbf84df5!8m2!3d1.345831!4d103.792638!16s%2Fg%2F11b6dpf3dj?authuser=0&hl=en&entry=ttu&g_ep=EgoyMDI2MDQyOS4wIKXMDSoASAFQAw%3D%3D"
Warehouse Bar - SINGAPORE,Live music bar,"3C River Valley Rd, #01- 02 C, Singapore 179022",+65 6333 4228,info@warehousecq.com,http://warehousecq.com/,Tuesday 5 pm–3 am | Wednesday 5 pm–3 am | Thursday 5 pm–3 am | Friday 5 pm–3 am | Saturday 5 pm–4 am | Sunday 5 pm–3 am | Monday 5 pm–3 am | Tuesday5–7 pm | Wednesday5–7 pm | Thursday5–7 pm | Friday5–7 pm | Saturday5–7 pm | Sunday5–7 pm | Monday5–7 pm,pubs Singapore,https://www.google.com/maps/place/Warehouse+Bar+-+SINGAPORE/data=!4m7!3m6!1s0x31da19a0469589f7:0x56d01332e5318d0b!8m2!3d1.2904425!4d103.8456799!16s%2Fg%2F1vgq9l_c!19sChIJ94mVRqAZ2jERC40x5TIT0FY?authuser=0&hl=en&rclk=1
Le Starlette Pub,Pub,"20 Jln Leban, Singapore 577556",+65 9066 8774,,,Tuesday5 pm–1 am | Wednesday5 pm–1 am | Thursday5 pm–1 am | Friday5 pm–1 am | Saturday5 pm–2 am | Sunday5 pm–12 am | Monday5 pm–1 am,pubs Singapore,"https://www.google.com/maps/place/Le+Starlette+Pub/@1.3718731,103.8293261,17z/data=!3m1!4b1!4m6!3m5!1s0x31da16d1bb00136d:0xa58cb4157295d0f9!8m2!3d1.3718731!4d103.8293261!16s%2Fg%2F1tcvlspt?authuser=0&hl=en&entry=ttu&g_ep=EgoyMDI2MDQyOS4wIKXMDSoASAFQAw%3D%3D"
The Warehouse Lobby Bar (Robertson Quay),Bar,"320 Havelock Rd, Singapore 169628",+65 6828 0000,frontoffice@thewarehousehotel.com,https://www.thewarehousehotel.com/lobbybar/,Tuesday11 am–12 am | Wednesday11 am–12 am | Thursday11 am–12 am | Friday11 am–1 am | Saturday11 am–1 am | Sunday11 am–12 am | Monday11 am–12 am,pubs Singapore,https://www.google.com/maps/place/The+Warehouse+Lobby+Bar+%28Robertson+Quay%29/data=!4m7!3m6!1s0x31da19922de66db7:0xdd42766c17d0a1e2!8m2!3d1.2893253!4d103.8375443!16s%2Fg%2F11thnjw2bp!19sChIJt23mLZIZ2jER4qHQF2x2Qt0?authuser=0&hl=en&rclk=1
KPO,Bar,"1 Killiney Rd, Singapore 239518",+65 6733 3648,kpo@imaginings.com.sg,https://kpo.com.sg/,Tuesday2 pm–1 am | Wednesday2 pm–1 am | Thursday2 pm–1 am | Friday2 pm–2 am | Saturday4 pm–1 am | SundayClosed | Monday2 pm–1 am,pubs Singapore,https://www.google.com/maps/place/KPO/data=!4m7!3m6!1s0x31da199719f859ab:0xa2ce2dc9428fdf9b!8m2!3d1.300215!4d103.8406515!16s%2Fg%2F1tmcjrjw!19sChIJq1n4GZcZ2jERm9-PQsktzqI?authuser=0&hl=en&rclk=1
Brauhaus Restaurant & Pub,German restaurant,"101 Thomson Road, B1, #13/14 United Square, 307591",+65 6250 3116,brauhaus1314@gmail.com,http://www.brauhaussg.com/,Tuesday12 pm–12 am | Wednesday12 pm–12 am | Thursday12 pm–12 am | Friday12 pm–1 am | Saturday12 pm–1 am | Sunday4:30 pm–12 am | Monday12 pm–12 am,pubs Singapore,https://www.google.com/maps/place/Brauhaus+Restaurant+%26+Pub/data=!4m7!3m6!1s0x31da19e8096a04b3:0x25ca80e78f8f9efe!8m2!3d1.3169435!4d103.8440475!16s%2Fg%2F1tfglxyc!19sChIJswRqCegZ2jER_p6Pj-eAyiU?authuser=0&hl=en&rclk=1
Cyclone Party Pub,Pub,"34 Circular Rd, Singapore 049390",+65 6438 5538,,,Tuesday5 pm–3 am | Wednesday5 pm–3 am | Thursday5 pm–3 am | Friday5 pm–3 am | Saturday7 pm–4 am | SundayClosed | Monday5 pm–3 am,pubs Singapore,"https://www.google.com/maps/place/Cyclone+Party+Pub/@1.2866083,103.8491285,17z/data=!3m1!4b1!4m6!3m5!1s0x31da190bb543efb3:0x942f8dd8f0f1d516!8m2!3d1.2866083!4d103.8491285!16s%2Fg%2F1ts3c41m?authuser=0&hl=en&entry=ttu&g_ep=EgoyMDI2MDQyOS4wIKXMDSoASAFQAw%3D%3D"
Mogambo Bar & Restaurant,Bar,"3 Canton St, #01-01, Singapore 049745",+65 6438 9808,,http://www.mogambo.sg/,Tuesday5 pm–3 am | Wednesday5 pm–3 am | Thursday5 pm–3 am | Friday5 pm–4 am | Saturday6 pm–4 am | SundayClosed | Monday5 pm–3 am,pubs Singapore,https://www.google.com/maps/place/Mogambo+Bar+%26+Restaurant/data=!4m7!3m6!1s0x31da190bc88e47e1:0x814fd3da37809f0!8m2!3d1.286271!4d103.849461!16s%2Fg%2F1tfcf8nd!19sChIJ4UeOyAsZ2jER8Al4oz39FAg?authuser=0&hl=en&rclk=1
Bojio Pub,Pub,"261 Upper Thomson Rd, Singapore 574388",+65 9827 6268,,https://www.facebook.com/B0JI0?mibextid=LQQJ4d,Tuesday4 pm–3 am | Wednesday4 pm–3 am | Thursday4 pm–3 am | Friday4 pm–4 am | Saturday4 pm–4 am | SundayClosed | Monday4 pm–3 am,pubs Singapore,https://www.google.com/maps/place/Bojio+Pub/data=!4m7!3m6!1s0x31da17d91ae52957:0xf3850f5547f54e65!8m2!3d1.3535455!4d103.8334465!16s%2Fg%2F11h4pl3dws!19sChIJVynlGtkX2jERZU71R1UPhfM?authuser=0&hl=en&rclk=1
Ken's Pub,Bar,"52 Yio Chu Kang Rd, Singapore 545561",,kctansbe@yahoo.com.sg,https://singaporekaraokepubslounges.com/kens-pub/,Tuesday5 pm–1 am | Wednesday5 pm–1 am | Thursday5 pm–1 am | Friday5 pm–1 am | Saturday5 pm–2 am | Sunday5 pm–1 am | Monday5 pm–1 am,pubs Singapore,https://www.google.com/maps/place/Ken%27s+Pub/data=!4m7!3m6!1s0x31da17aee4e43e0b:0x8f0d80f4a5912d2!8m2!3d1.3571363!4d103.87574!16s%2Fg%2F1v_s3d_6!19sChIJCz7k5K4X2jER0hJZSg_Y8Ag?authuser=0&hl=en&rclk=1
Bar @ Lorong 13,Bar,"1A Lor 13 Geylang, Singapore 388674",,,,Tuesday5 pm–1:30 am | Wednesday5 pm–1:30 am | Thursday5 pm–3 am | Friday5 pm–3 am | Saturday5 pm–3 am | Sunday5 pm–1:30 am | Monday5 pm–1:30 am,pubs Singapore,"https://www.google.com/maps/place/Bar+@+Lorong+13/@1.3128312,103.8775861,17z/data=!3m1!4b1!4m6!3m5!1s0x31da19d6724b9a71:0x381579b937777c0d!8m2!3d1.3128312!4d103.8775861!16s%2Fg%2F11g24w99vb?authuser=0&hl=en&entry=ttu&g_ep=EgoyMDI2MDQyOS4wIKXMDSoASAFQAw%3D%3D"
Ice-Cold Beer,Bar,"9 Emerald Hill Rd, Singapore 229293",+65 6735 9929,,,Tuesday3 pm–2 am | Wednesday3 pm–2 am | Thursday3 pm–2 am | Friday3 pm–3 am | Saturday2 pm–3 am | Sunday2 pm–2 am | Monday3 pm–2 am,pubs Singapore,"https://www.google.com/maps/place/Ice-Cold+Beer/@1.3018658,103.8390435,17z/data=!3m1!4b1!4m6!3m5!1s0x31da1996cb3f8cc9:0x6a5bc0c8d73844cf!8m2!3d1.3018658!4d103.8390435!16s%2Fg%2F1tgf9wvw?authuser=0&hl=en&entry=ttu&g_ep=EgoyMDI2MDQyOS4wIKXMDSoASAFQAw%3D%3D"
Level Up - Bar & Arcade @ Clarke Quay,Bar,"3A River Valley Rd, #02-04 Blk A Clarke Quay, Singapore 179020",+65 9231 4992,,http://www.1-levelup.com/,Tuesday 5 pm–1 am | Wednesday 5 pm–1 am | Thursday Closed | Friday 5 pm–3 am | Saturday 5 pm–3 am | Sunday 5 pm–1 am | Monday 5 pm–1 am | Tuesday5–8 pm | Wednesday5–8 pm | Thursday5–8 pm | Friday5–8 pm | Saturday5–8 pm | Sunday5–8 pm | Monday5–8 pm,pubs Singapore,https://www.google.com/maps/place/Level+Up+-+Bar+%26+Arcade+@+Clarke+Quay/data=!4m7!3m6!1s0x31da19a020670f99:0xa5c41417948b3236!8m2!3d1.289512!4d103.8450698!16s%2Fg%2F11f_lt8nt5!19sChIJmQ9nIKAZ2jERNjKLlBcUxKU?authuser=0&hl=en&rclk=1
Deck Bar,Bistro,"2 Kallang Ave, #01-K1, Singapore 339407",+65 9887 3377,,https://social.quandoo.com/en/groups/deck-bar,Tuesday 3 pm–3 am | Wednesday 3 pm–3 am | Thursday 3 pm–3 am | Friday 3 pm–3 am | Saturday 6 pm–4 am | Sunday Closed | Monday 3 pm–3 am | Tuesday2–7:30 pm | Wednesday2–7:30 pm | Thursday2–7:30 pm | Friday2–7:30 pm | Saturday4–7:30 pm | SundayClosed | Monday2–7:30 pm | Tuesday2–11:30 pm | Wednesday2–11:30 pm | Thursday2–11:30 pm | Friday2–11:30 pm | Saturday2–11:30 pm | SundayClosed | Monday2–11:30 pm,pubs Singapore,https://www.google.com/maps/place/Deck+Bar/data=!4m7!3m6!1s0x31da19cbeaaea64b:0x3ee295e3fba7cfc9!8m2!3d1.3124118!4d103.8631809!16s%2Fg%2F11ggr4t40n!19sChIJS6au6ssZ2jERyc-n--OV4j4?authuser=0&hl=en&rclk=1
Round 1 Karaoke Pub,Karaoke bar,"205 Thomson Rd, Goldhill Shopping Centre, Singapore 307639",+65 9889 3137,,,Tuesday5 pm–2 am | Wednesday5 pm–2 am | Thursday5 pm–2 am | Friday5 pm–3 am | Saturday5 pm–3 am | Sunday5 pm–12 am | Monday5 pm–2 am,pubs Singapore,"https://www.google.com/maps/place/Round+1+Karaoke+Pub/@1.3184905,103.8431759,17z/data=!3m1!4b1!4m6!3m5!1s0x31da19a383c2f19b:0x43f671368eccce7c!8m2!3d1.3184905!4d103.8431759!16s%2Fg%2F11t85p9w4l?authuser=0&hl=en&entry=ttu&g_ep=EgoyMDI2MDQyOS4wIKXMDSoASAFQAw%3D%3D"
38 Bar,Bar,"37 Boat Quay, Singapore 049826",,,,Tuesday5 pm–2 am | Wednesday5 pm–2 am | Thursday5:05 pm–2 am | Friday5 pm–3 am | Saturday5 pm–12 am | Sunday12 am–3 pm5 pm–2 am | Monday5 pm–2 am,pubs Singapore,"https://www.google.com/maps/place/38+Bar/@1.2863308,103.8496188,17z/data=!3m1!4b1!4m6!3m5!1s0x31da190982694b41:0x285a2fe2a243e27!8m2!3d1.2863308!4d103.8496188!16s%2Fg%2F11qbbczzw2?authuser=0&hl=en&entry=ttu&g_ep=EgoyMDI2MDQyOS4wIKXMDSoASAFQAw%3D%3D"
Gold8 Bar,Pub,"38 Jln Pemimpin, #01-03, Singapore 577178",+65 8866 1899,,https://www.instagram.com/gold8sg?igsh=cmhlbmgzM2FibWZx&utm_source=qr,Tuesday6:30 pm–1 am | Wednesday6:30 pm–1 am | Thursday6:30 pm–1 am | Friday6:30 pm–2 am | Saturday5 pm–2 am | SundayClosed | Monday6:30 pm–1 am,pubs Singapore,https://www.google.com/maps/place/Gold8+Bar/data=!4m7!3m6!1s0x31da17de7c00b7cd:0xcee43f6826e985ae!8m2!3d1.3485773!4d103.8415624!16s%2Fg%2F11v01lp994!19sChIJzbcAfN4X2jERroXpJmg_5M4?authuser=0&hl=en&rclk=1
Gossip Bar: Your go-to KTV / Karaoke bar in Singapore,Karaoke bar,"1 Irving Pl, #01-27/28 The Commerze@Irving, Singapore 369546",+65 9118 8088,,https://social.quandoo.com/en/groups/gossip-bar-your-go-to-ktv-karaoke-bar-in-singapore,Tuesday4 pm–1 am | Wednesday4 pm–1 am | Thursday4 pm–1 am | Friday4 pm–1 am | Saturday5 pm–2 am | SundayClosed | Monday4 pm–1 am,pubs Singapore,https://www.google.com/maps/place/Gossip+Bar:+Your+go-to+KTV+%2F+Karaoke+bar+in+Singapore/data=!4m7!3m6!1s0x31da17b585d3a24f:0x8e82f62a14ad0f6d!8m2!3d1.3361782!4d103.8864248!16s%2Fg%2F11tk8qd3bc!19sChIJT6LThbUX2jERbQ-tFCr2go4?authuser=0&hl=en&rclk=1
Together Bar,Bar,"317 Outram Rd, #01-29 ASH-TY EDUCATION, Singapore 169075",,,http://www.facebook.com/togetherbar178,Tuesday7 pm–2 am | Wednesday7 pm–2 am | Thursday7 pm–2 am | Friday7 pm–3 am | Saturday8 pm–3 am | SundayClosed | Monday7 pm–2 am,pubs Singapore,https://www.google.com/maps/place/Together+Bar/data=!4m7!3m6!1s0x31da19d70d848045:0x5e743ddb7a3aca4!8m2!3d1.2892715!4d103.8338165!16s%2Fg%2F11j2x5my7v!19sChIJRYCEDdcZ2jERpKyjt91D5wU?authuser=0&hl=en&rclk=1
Here Kitty Kitty,Cocktail bar,"3E River Valley Rd, #02-01 E, Clarke Quay, Singapore 179024",+65 9489 8357,,,Tuesday5–11 pm | Wednesday5 pm–3 am | Thursday6 pm–4 am | Friday6 pm–4 am | Saturday6 pm–4 am | SundayClosed | MondayClosed,pubs Singapore,"https://www.google.com/maps/place/Here+Kitty+Kitty/@1.290195,103.846359,17z/data=!3m1!4b1!4m6!3m5!1s0x31da19da62840389:0x95c1641c0bd5a9a4!8m2!3d1.290195!4d103.846359!16s%2Fg%2F11q7f_2dct?authuser=0&hl=en&entry=ttu&g_ep=EgoyMDI2MDQyOS4wIKXMDSoASAFQAw%3D%3D"
Talk Cock Sing Song,Pub,"244 Upper Thomson Rd, Singapore 574369",+65 9666 5379,,,Tuesday5 pm–3 am | Wednesday5 pm–3 am | Thursday5 pm–3 am | Friday5 pm–3 am | Saturday5 pm–3 am | Sunday5 pm–3 am | Monday5 pm–3 am,pubs Singapore,"https://www.google.com/maps/place/Talk+Cock+Sing+Song/@1.3532427,103.8347882,17z/data=!3m1!4b1!4m6!3m5!1s0x31da173aebbabfa3:0x2a4d3e4899be409e!8m2!3d1.3532427!4d103.8347882!16s%2Fg%2F1vqmfwr9?authuser=0&hl=en&entry=ttu&g_ep=EgoyMDI2MDQyOS4wIKXMDSoASAFQAw%3D%3D"
Highlander Bar @ Millenia Walk,Bar,"9 Raffles Blvd, #01-03 to 05, Singapore 039596",+65 6235 9528,info@highlanderasia.com,http://www.highlanderasia.com/,Tuesday5 pm–2 am | Wednesday5 pm–3 am | Thursday5 pm–3 am | Friday5 pm–3 am | Saturday5 pm–4 am | Sunday5 pm–2 am | Monday5 pm–2 am,pubs Singapore,https://www.google.com/maps/place/Highlander+Bar+@+Millenia+Walk/data=!4m7!3m6!1s0x31da19a0305e11af:0x5f9b69e7bc4b3b9!8m2!3d1.2930798!4d103.8584187!16s%2Fg%2F1tffg8x5!19sChIJrxFeMKAZ2jERubPEe562-QU?authuser=0&hl=en&rclk=1
Melodies Pub & Karaoke,Karaoke bar,"3 Thong Soon Avenue, Springleaf Garden, Estate, Singapore 787432",,,,Tuesday3:30 pm–1 am | Wednesday3:30 pm–1 am | Thursday3:30 pm–1 am | Friday3:30 pm–1 am | Saturday3:30 pm–2 am | Sunday4 pm–1 am | Monday3:30 pm–1 am,pubs Singapore,"https://www.google.com/maps/place/Melodies+Pub+%26+Karaoke/@1.3971828,103.8187916,17z/data=!3m1!4b1!4m6!3m5!1s0x31da115480eee7f3:0xe76d9be6f02d4fe0!8m2!3d1.3971828!4d103.8187916!16s%2Fg%2F1vxvfck7?authuser=0&hl=en&entry=ttu&g_ep=EgoyMDI2MDQyOS4wIKXMDSoASAFQAw%3D%3D"
月亮湾酒吧,Bar,"Syed Alwi Rd, 216-3, Singapore 207752",+65 8653 8816,,,Tuesday4 pm–3 am | Wednesday4 pm–3 am | Thursday4 pm–2 am | Friday4 pm–3 am | Saturday4 pm–3 am | Sunday5 pm–2 am | Monday4 pm–3 am,pubs Singapore,"https://www.google.com/maps/place/%E6%9C%88%E4%BA%AE%E6%B9%BE%E9%85%92%E5%90%A7/@1.3076256,103.8578987,17z/data=!3m1!4b1!4m6!3m5!1s0x31da19c81ff8ffb7:0x15ff1e16d3c7922b!8m2!3d1.3076256!4d103.8578987!16s%2Fg%2F11fmvkzrzt?authuser=0&hl=en&entry=ttu&g_ep=EgoyMDI2MDQyOS4wIKXMDSoASAFQAw%3D%3D"
After 5,Pub,"6 Jln Klapa, Singapore 328189",+65 9099 8008,,,Tuesday5 pm–1 am | Wednesday5 pm–1 am | Thursday5 pm–1 am | Friday5 pm–3 am | Saturday5 pm–3 am | SundayClosed | Monday5 pm–1 am,pubs Singapore,"https://www.google.com/maps/place/After+5/@1.3041113,103.8601146,17z/data=!3m1!4b1!4m6!3m5!1s0x31da19b6dd167beb:0xbfad2168576ad317!8m2!3d1.3041113!4d103.8601146!16s%2Fg%2F11f4_mcb9m?authuser=0&hl=en&entry=ttu&g_ep=EgoyMDI2MDQyOS4wIKXMDSoASAFQAw%3D%3D"
Dorothy's Bar,Gay bar,"13A Trengganu St, Singapore 058467",+65 6221 6806,,https://www.instagram.com/dorothysbar?igsh=djg4cDJ1YjR3M3lw,Tuesday6 pm–1 am | Wednesday6 pm–1 am | Thursday6 pm–1 am | Friday6 pm–1 am | Saturday6 pm–2 am | Sunday3 pm–1 am | Monday6 pm–1 am,pubs Singapore,https://www.google.com/maps/place/Dorothy%27s+Bar/data=!4m7!3m6!1s0x31da197330eaf5ff:0x3d9e12ba731d282f!8m2!3d1.2828755!4d103.8442564!16s%2Fg%2F1tdyyggj!19sChIJ__XqMHMZ2jERLygdc7oSnj0?authuser=0&hl=en&rclk=1
The St. Regis Bar Singapore,Bar,"29 Tanglin Rd, The St. Regis Singapore, Singapore 247911",+65 6506 6859,stregisbar.singapore@stregis.com,https://thestregisbarsingapore.com/,Tuesday5 pm–12 am | Wednesday5 pm–12 am | Thursday5 pm–12 am | Friday5 pm–1 am | Saturday5 pm–1 am | Sunday5 pm–12 am | Monday5 pm–12 am,pubs Singapore,https://www.google.com/maps/place/The+St.+Regis+Bar+Singapore/data=!4m7!3m6!1s0x31da19b50e73235d:0x18059aa91808f494!8m2!3d1.3056768!4d103.8260239!16s%2Fg%2F11xvrw9m2_!19sChIJXSNzDrUZ2jERlPQIGKmaBRg?authuser=0&hl=en&rclk=1
A Gun Pub,Pub,"290n Joo Chiat Rd, Singapore 427542",+65 6345 4677,,http://www.facebook.com/pages/A-Gun-Pub/208451469192707,Tuesday4 pm–1 am | Wednesday4 pm–1 am | Thursday4 pm–1 am | Friday4 pm–1 am | Saturday4 pm–1 am | Sunday4 pm–1 am | Monday4 pm–1 am,pubs Singapore,https://www.google.com/maps/place/A+Gun+Pub/data=!4m7!3m6!1s0x31da1812667dba0b:0x29d534fd98c97e63!8m2!3d1.3102495!4d103.9016991!16s%2Fg%2F11cs5mph_k!19sChIJC7p9ZhIY2jERY37JmP001Sk?authuser=0&hl=en&rclk=1
Atrium Bar 317,Bar,"317 Outram Rd, Singapore 169075",+65 9114 0283,Atriumbar317.sinhi@ihg.com,https://singaporeatrium.holidayinn.com/atrium-bar-317,Tuesday 11 am–1 am | Wednesday 11 am–1 am | Thursday 11 am–1 am | Friday 11 am–1 am | Saturday 11 am–1 am | Sunday 11 am–1 am | Monday 11 am–1 am | Tuesday4–8 pm | Wednesday4–8 pm | Thursday4–8 pm | Friday4–8 pm | Saturday4–8 pm | Sunday4–8 pm | Monday4–8 pm,pubs Singapore,https://www.google.com/maps/place/Atrium+Bar+317/data=!4m7!3m6!1s0x31da1977e2531b09:0x4cf70e9c481ffaba!8m2!3d1.2890031!4d103.8341571!16s%2Fg%2F11c45nrlr6!19sChIJCRtT4ncZ2jERuvofSJwO90w?authuser=0&hl=en&rclk=1
RASA Space,Night club,"9 Raffles Place #02-01, Tower, #1 Republic Plaza, 048619",+65 8088 9671,info@rasaspace.com,http://rasaspace.com/,Tuesday 11:30 am–2:30 pm 5–10 pm | Wednesday 11:30 am–2:30 pm 5:30–11:30 pm | Thursday 11:30 am–2:30 pm 5–10 pm | Friday 11:30 am–2:30 pm 5 pm–3 am | Saturday 5 pm–4 am | Sunday Closed | Monday 11:30 am–2:30 pm | Tuesday11 am–2:30 pm | Wednesday11:30 am–2:30 pm | Thursday11 am–2:30 pm | Friday11 am–2:30 pm | SaturdayClosed | SundayClosed | Monday11 am–2:30 pm | Tuesday5–9 pm | Wednesday5–9 pm | Thursday5–11 pm | Friday5–11 pm | Saturday5–11 pm | SundayClosed | MondayClosed | TuesdayClosed | Wednesday5–8 pm | Thursday5–8 pm | Friday5–8 pm | SaturdayClosed | SundayClosed | MondayClosed,nightclubs Singapore,https://www.google.com/maps/place/RASA+Space/data=!4m7!3m6!1s0x31da190030e261a3:0xa3e0f55cfdde06f9!8m2!3d1.2832744!4d103.8508826!16s%2Fg%2F11wv4n4r4g!19sChIJo2HiMAAZ2jER-Qbe_Vz14KM?authuser=0&hl=en&rclk=1
YANG Club Singapore,Club,"3A River Valley Road, #01-02 Clarke Quay, 179020",+65 8218 8923,yin@theriverhouse.sg,https://www.yinyang.sg/yangclubsg,TuesdayClosed | Wednesday10:30 pm–3 am | ThursdayClosed | Friday10:30 pm–4 am | Saturday10:30 pm–4 am | SundayClosed | MondayClosed,nightclubs Singapore,https://www.google.com/maps/place/YANG+Club+Singapore/data=!4m7!3m6!1s0x31da19ff85896b37:0xa1605bd931e72fac!8m2!3d1.2900664!4d103.844857!16s%2Fg%2F11h4xl9mr4!19sChIJN2uJhf8Z2jERrC_nMdlbYKE?authuser=0&hl=en&rclk=1
Club Slim,Disco club,"5 Coleman St, #02-09 Excelsior Shopping Centre, Singapore 179805",+65 9246 3655,,,Tuesday8 pm–3 am | Wednesday8 pm–3 am | Thursday8 pm–3 am | Friday8 pm–3 am | Saturday8 pm–4 am | Sunday8 pm–3 am | Monday8 pm–3 am,nightclubs Singapore,"https://www.google.com/maps/place/Club+Slim/@1.2918776,103.8500267,17z/data=!3m1!4b1!4m6!3m5!1s0x31da1904a16a35c3:0x80814be8ccbf655f!8m2!3d1.2918776!4d103.8500267!16s%2Fg%2F11t61dq5kl?authuser=0&hl=en&entry=ttu&g_ep=EgoyMDI2MDQyOS4wIKXMDSoASAFQAw%3D%3D"
ALPHA,Disco club,"138 robinson road #04-01, Lobby, #2 Take, 068906",+65 8893 3756,webmaster@alphanightlife.com.sg,http://www.alphanightlife.com.sg/,TuesdayClosed | Wednesday9 pm–3 am | ThursdayClosed | Friday9 pm–3 am | Saturday9 pm–4 am | SundayClosed | MondayClosed,nightclubs Singapore,https://www.google.com/maps/place/ALPHA/data=!4m7!3m6!1s0x31da194bed659dcb:0xaea96488950b7590!8m2!3d1.278646!4d103.8484196!16s%2Fg%2F11tc69yyrg!19sChIJy51l7UsZ2jERkHULlYhkqa4?authuser=0&hl=en&rclk=1
Up Club Singapore,Disco club,"1 Rochor Canal Rd, #06-61 Sim Lim Square, Singapore 188504",,,,Tuesday8 pm–3 am | Wednesday8 pm–3 am | Thursday8 pm–3 am | Friday8 pm–3 am | Saturday8 pm–4 am | Sunday8 pm–3 am | Monday8 pm–3 am,nightclubs Singapore,"https://www.google.com/maps/place/Up+Club+Singapore/@1.3027164,103.8530965,17z/data=!3m1!4b1!4m6!3m5!1s0x31da190032c16907:0x67bbef0be08b449e!8m2!3d1.3027164!4d103.8530965!16s%2Fg%2F11z3_ylpv3?authuser=0&hl=en&entry=ttu&g_ep=EgoyMDI2MDQyOS4wIKXMDSoASAFQAw%3D%3D"
Ipanema World Music Bar,Club,"139 Cecil St, #12-01 YSY Building, Singapore 069539",+65 8225 1550,contact@gosgconsulting.com,https://ipanemaworldmusicbar.com/,Tuesday 5:30 pm–3 am | Wednesday 5:30 pm–3 am | Thursday 5:30 pm–3 am | Friday 5:30 pm–3 am | Saturday 5:30 pm–4 am | Sunday 2 pm–3 am | Monday 5:30 pm–3 am | Tuesday5:30–8:30 pm | Wednesday5:30–8:30 pm | Thursday5:30–8:30 pm | Friday5:30–8:30 pm | Saturday5:30–8:30 pm | SundayClosed | Monday5:30–8:30 pm | Tuesday6 pm–2 am | Wednesday6 pm–2 am | Thursday6 pm–2 am | Friday6 pm–2 am | Saturday6 pm–3 am | Sunday6 pm–2 am | Monday6 pm–2 am,nightclubs Singapore,https://www.google.com/maps/place/Ipanema+World+Music+Bar/data=!4m7!3m6!1s0x31da198cd02537dd:0xba7278897ca2ff9a!8m2!3d1.2795422!4d103.8484516!16s%2Fg%2F1tf2zxgh!19sChIJ3Tcl0IwZ2jERmv-ifIl4cro?authuser=0&hl=en&rclk=1
Capital Zouk Singapore,Lounge bar,"3C River Valley Road 01-05 to #02-06, 179022",+65 9006 8549,vegas@zoukgroup.com,https://zoukgroup.com/singapore/capital/,TuesdayClosed | WednesdayClosed | Thursday10 pm–4 am | Friday10 pm–4 am | Saturday10 pm–4 am | SundayClosed | MondayClosed,nightclubs Singapore,https://www.google.com/maps/place/Capital+Zouk+Singapore/data=!4m7!3m6!1s0x31da19b4c567c173:0xf30f5a1f8e7eafcf!8m2!3d1.2906392!4d103.8459314!16s%2Fg%2F11qp3sc_g5!19sChIJc8FnxbQZ2jERz69-jh9aD_M?authuser=0&hl=en&rclk=1
Taal,Disco club,"596 Serangoon Rd, Singapore 218209",+65 6295 0401,,,Tuesday7:30 pm–3 am | Wednesday7:30 pm–3 am | Thursday7:30 pm–3 am | Friday7:30 pm–3 am | Saturday7:30 pm–4 am | Sunday7:30 pm–3 am | Monday7:30 pm–3 am,nightclubs Singapore,"https://www.google.com/maps/place/Taal/@1.3152564,103.8582895,17z/data=!3m1!4b1!4m6!3m5!1s0x31da19cfa497ac5b:0x9db453b1c55c49da!8m2!3d1.3152564!4d103.8582895!16s%2Fg%2F11h79mw8v3?authuser=0&hl=en&entry=ttu&g_ep=EgoyMDI2MDQyOS4wIKXMDSoASAFQAw%3D%3D"
TUFF CLUB @ Oxley Tower,Night club,"138 Robinson Rd, #19-01, Singapore 068906",+65 9667 9424,whatyouwant@thugshopsg.com,https://www.thugshopsg.com/,TuesdayClosed | WednesdayClosed | ThursdayClosed | Friday10:30 pm–3 am | Saturday10:30 pm–3:30 am | SundayClosed | MondayClosed,nightclubs Singapore,https://www.google.com/maps/place/TUFF+CLUB+@+Oxley+Tower/data=!4m7!3m6!1s0x31da19553ab1edcd:0x87cd6b712175f9!8m2!3d1.2786699!4d103.8485023!16s%2Fg%2F11f5q941jd!19sChIJze2xOlUZ2jER-XUhcWvNhwA?authuser=0&hl=en&rclk=1
Club Deluxe | Singapore KTV | Opens Till 3 AM,Disco club,"111 North Bridge Road, B1, #07M Peninsula Plaza, 179098",+65 8300 5004,,https://taplink.cc/clubdeluxe.sg,Tuesday6 pm–3 am | Wednesday6 pm–3 am | Thursday6 pm–3 am | Friday6 pm–3 am | Saturday6 pm–4 am | SundayClosed | Monday6 pm–3 am,nightclubs Singapore,https://www.google.com/maps/place/Club+Deluxe+%7C+Singapore+KTV+%7C+Opens+Till+3+AM/data=!4m7!3m6!1s0x31da1996f2f6ee99:0xec3d7fdb0e7752c7!8m2!3d1.2923407!4d103.8508826!16s%2Fg%2F11sbspzvw_!19sChIJme728pYZ2jERx1J3Dtt_Pew?authuser=0&hl=en&rclk=1
Mandala Club,Social club,"31 Bukit Pasoh Rd, Singapore 089845",+65 8822 9154,events@mandala.club,https://mandala.club/,Tuesday7 am–12 am | Wednesday7 am–12 am | Thursday7 am–1 am | Friday7 am–1 am | Saturday12 pm–2 am | Sunday12–5 pm | Monday7 am–12 am,nightclubs Singapore,https://www.google.com/maps/place/Mandala+Club/data=!4m7!3m6!1s0x31da192b4181e901:0xd50f58b82e7e593a!8m2!3d1.279295!4d103.840375!16s%2Fg%2F11sfdc2gl5!19sChIJAemBQSsZ2jEROll-LrhYD9U?authuser=0&hl=en&rclk=1
Club Axis,Club,"35 Selegie Rd, B1-06/07/08 Parklane Shopping Mall, Singapore 188307",+65 8115 9165,,,Tuesday7 pm–3 am | Wednesday7 pm–3 am | Thursday7 pm–3 am | Friday2 pm–3 am | Saturday7 pm–4 am | Sunday2 pm–3 am | Monday7 pm–3 am,nightclubs Singapore,"https://www.google.com/maps/place/Club+Axis/@1.300661,103.8493367,17z/data=!3m1!4b1!4m6!3m5!1s0x31da1975aaf68b63:0xc5bed426128916f3!8m2!3d1.300661!4d103.8493367!16s%2Fg%2F11tjft2cvh?authuser=0&hl=en&entry=ttu&g_ep=EgoyMDI2MDQyOS4wIKXMDSoASAFQAw%3D%3D"
Club Wave,Adult entertainment club,"150 Orchard Rd, Lv 9, Singapore 238841",,,,Tuesday9 pm–3 am | Wednesday9 pm–3 am | Thursday9 pm–3 am | Friday9 pm–3 am | Saturday9 pm–4 am | Sunday9 pm–3 am | Monday9 pm–3 am,nightclubs Singapore,"https://www.google.com/maps/place/Club+Wave/@1.301077,103.8409834,17z/data=!3m1!4b1!4m6!3m5!1s0x31da17295e04644f:0xc4e0c43d54798a69!8m2!3d1.301077!4d103.8409834!16s%2Fg%2F11t892t_0k?authuser=0&hl=en&entry=ttu&g_ep=EgoyMDI2MDQyOS4wIKXMDSoASAFQAw%3D%3D"
8 Degree Lounge - Bukit Batok,Karaoke bar,"91 Bukit Batok West Avenue 2, Block C, #03-01 Civil Service Club, 659206",+65 6515 6007,8degreeloungebukitbatok@hotmail.com,https://www.nightlifestreet.com/en/listing/8-degree-lounge-bukit-batok,Tuesday3 pm–1 am | Wednesday3 pm–1 am | Thursday3 pm–1 am | Friday3 pm–1 am | Saturday3 pm–2 am | Sunday3 pm–1 am | Monday3 pm–1 am,nightclubs Singapore,https://www.google.com/maps/place/8+Degree+Lounge+-+Bukit+Batok/data=!4m7!3m6!1s0x31da1038fe8ec7e5:0xa8411aca4fbf81c!8m2!3d1.3529991!4d103.7491335!16s%2Fg%2F11cjk2_btt!19sChIJ5ceO_jgQ2jERHPj7pKwRhAo?authuser=0&hl=en&rclk=1
Club Mu,Live music bar,"3 Coleman St, #02 12a, Singapore 179804",+65 9005 1299,u002F@club.mu,https://www.tiktok.com/@club.mu,Tuesday8 pm–3 am | Wednesday8 pm–3 am | Thursday8 pm–3 am | Friday8 pm–3 am | Saturday8 pm–4 am | Sunday8 pm–3 am | Monday8 pm–3 am,nightclubs Singapore,https://www.google.com/maps/place/Club+Mu/data=!4m7!3m6!1s0x31da19ead15d1bef:0x3c9ba4741c91ff6c!8m2!3d1.2918776!4d103.8500267!16s%2Fg%2F11tjlc2nwm!19sChIJ7xtd0eoZ2jERbP-RHHSkmzw?authuser=0&hl=en&rclk=1
Club Bagawan,Night club,"82 Boat Quay, Singapore 049870",+65 9858 0384,clubbagawan@hotmail.com,https://www.nightlifestreet.com/en/listing/club-bagawan,Tuesday9 pm–3 am | Wednesday9 pm–3 am | Thursday9 pm–3 am | Friday9 pm–3 am | Saturday9 pm–4 am | Sunday9 pm–3 am | Monday9 pm–3 am,nightclubs Singapore,https://www.google.com/maps/place/Club+Bagawan/data=!4m7!3m6!1s0x31da190a129e0dcd:0x73a1413d30fc2a5b!8m2!3d1.2885301!4d103.8491088!16s%2Fg%2F11f1tkfzqz!19sChIJzQ2eEgoZ2jERWyr8MD1BoXM?authuser=0&hl=en&rclk=1
Club Diamond Singapore,Disco club,"6001 Beach Rd, B1-09, Singapore 199589",+65 8412 8418,,https://www.facebook.com/ClubDiamondSG/,Tuesday7 pm–3 am | Wednesday7 pm–3 am | Thursday7 pm–3 am | Friday7 pm–3 am | Saturday7 pm–4 am | Sunday7 pm–3 am | Monday7 pm–3 am,nightclubs Singapore,https://www.google.com/maps/place/Club+Diamond+Singapore/data=!4m7!3m6!1s0x31da195a3120bd2f:0x7eb73de419daec5b!8m2!3d1.3019707!4d103.8643149!16s%2Fg%2F11rylj7d1l!19sChIJL70gMVoZ2jERW-zaGeQ9t34?authuser=0&hl=en&rclk=1
Club Lunar,Club,"150 Orchard Rd, #04-19, Singapore 238841",,,http://clublunar.org/,Tuesday10 pm–5 am | Wednesday10 pm–5 am | Thursday10 pm–5 am | Friday10 pm–5 am | Saturday10 pm–5 am | Sunday10 pm–5 am | Monday10 pm–5 am,nightclubs Singapore,https://www.google.com/maps/place/Club+Lunar/data=!4m7!3m6!1s0x31da1975c477bfd7:0x554c2c109a6a80!8m2!3d1.3015968!4d103.8411636!16s%2Fg%2F11t59bmnwx!19sChIJ1793xHUZ2jERgGqaECxMVQA?authuser=0&hl=en&rclk=1
McDonald's Choa Chu Kang CC,Fast food restaurant,"35 Teck Whye Ave, #01-01 Chua Chu Kang Community Club, Singapore 688892",+65 6777 3777,,https://www.mcdonalds.com.sg/,Tuesday7 am–1 am | Wednesday7 am–1 am | Thursday7 am–1 am | Friday7 am–1 am | Saturday7 am–1 am | Sunday7 am–1 am | Monday7 am–1 am,nightclubs Singapore,https://www.google.com/maps/place/McDonald%27s+Choa+Chu+Kang+CC/data=!4m7!3m6!1s0x31da11c07edc8925:0x8ab30e9c2b8290c4!8m2!3d1.3812817!4d103.7521015!16s%2Fg%2F1hc3zqfyt!19sChIJJYncfsAR2jERxJCCK5wOs4o?authuser=0&hl=en&rclk=1
The Whisper Room,Cocktail bar,"138 Market St, Level 38 CapitaGreen, Singapore 048946",+65 8129 1747,info@cotu.co,https://www.cotu.co/the-whisper-room,Tuesday4:30 pm–12 am | Wednesday4:30 pm–2 am | Thursday4:30 pm–2 am | Friday4:30 pm–3 am | Saturday3 pm–3 am | SundayClosed | Monday4:30 pm–12 am,nightclubs Singapore,https://www.google.com/maps/place/The+Whisper+Room/data=!4m7!3m6!1s0x31da19a3811e2b47:0x97ed7a5b43529d4e!8m2!3d1.282019!4d103.850082!16s%2Fg%2F11y5bc9r4_!19sChIJRysegaMZ2jERTp1SQ1t67Zc?authuser=0&hl=en&rclk=1
Club Sparks Singapore,Disco club,"1 Selegie Rd, B1-05/06 GR.iD (GR.iD Singapore), Singapore 188306",+65 9220 0433,,https://www.instagram.com/clubsparks.sg/?hl=en,Tuesday7 pm–3 am | Wednesday7 pm–3 am | Thursday7 pm–3 am | Friday7 pm–3 am | Saturday7 pm–4 am | Sunday7 pm–3 am | Monday7 pm–3 am,nightclubs Singapore,https://www.google.com/maps/place/Club+Sparks+Singapore/data=!4m7!3m6!1s0x31da194a5c31efbd:0xe70f7c2f75db38f1!8m2!3d1.3001949!4d103.8492265!16s%2Fg%2F11sthr71xw!19sChIJve8xXEoZ2jER8TjbdS98D-c?authuser=0&hl=en&rclk=1
Club Evo Singapore,Disco club,"530 N Bridge Rd, #03-01 Bugis Point, Singapore 188747",+65 9005 5113,,https://www.facebook.com/clubevosg,Tuesday 10 pm–3 am | Wednesday 10 pm–3 am | Thursday 10 pm–3 am | Friday 10 pm–3 am | Saturday 10 pm–4 am | Sunday 10 pm–3 am | Monday 10 pm–3 am | Tuesday8–10:30 pm | Wednesday8–10:30 pm | Thursday8–10:30 pm | Friday8–10:30 pm | Saturday8–10:30 pm | Sunday8–10:30 pm | Monday8–10:30 pm,nightclubs Singapore,https://www.google.com/maps/place/Club+Evo+Singapore/data=!4m7!3m6!1s0x31da1906effe7205:0xbb06415bd2cadbe5!8m2!3d1.2987774!4d103.8560966!16s%2Fg%2F11l5hslt7p!19sChIJBXL-7wYZ2jER5dvK0ltBBrs?authuser=0&hl=en&rclk=1
Warren Golf & Country Club,Country club,"81 Choa Chu Kang Wy, Singapore 688263",+65 6586 1245,golf@warren.org.sg,http://www.warren.org.sg/,Tuesday7 am–12 am | Wednesday7 am–12 am | Thursday7 am–12 am | Friday7 am–1 am | Saturday7 am–1 am | Sunday7 am–12 am | Monday7 am–12 am,nightclubs Singapore,https://www.google.com/maps/place/Warren+Golf+%26+Country+Club/data=!4m7!3m6!1s0x31da11e711f9bcf1:0xbb2e748bbf75972b!8m2!3d1.3840505!4d103.7365811!16s%2Fg%2F1td30kcg!19sChIJ8bz5EecR2jERK5d1v4t0Lrs?authuser=0&hl=en&rclk=1
666 Club Singapore,Disco club,"62 Cecil St, Level 5 Tpi Building, Singapore 049710",+65 8414 3466,,https://www.facebook.com/profile.php?id=61587096630819,Tuesday10 pm–3 am | Wednesday10 pm–3 am | Thursday10 pm–3 am | Friday10 pm–3 am | Saturday10 pm–4 am | Sunday10 pm–3 am | Monday10 pm–3 am,nightclubs Singapore,https://www.google.com/maps/place/666+Club+Singapore/data=!4m7!3m6!1s0x31da1958a2b33fbd:0x640f589255cff979!8m2!3d1.282121!4d103.8495378!16s%2Fg%2F11yz7qzn0c!19sChIJvT-zolgZ2jERefnPVZJYD2Q?authuser=0&hl=en&rclk=1
CÉ LA VI Singapore,Bar,"1 Bayfront Avenue, Hotel, Tower 3 Marina Bay Sands, 018971",+65 6508 2188,,https://www.celavi.com/en/singapore/,Tuesday12 pm–1 am | Wednesday12 pm–4 am | Thursday12 pm–3 am | Friday12 pm–4 am | Saturday11:30 am–4 am | Sunday12 pm–3 am | Monday12 pm–1 am,nightclubs Singapore,https://www.google.com/maps/place/C%C3%89+LA+VI+Singapore/data=!4m7!3m6!1s0x31da190440e93599:0x34732a2397ec6566!8m2!3d1.2846705!4d103.860986!16s%2Fg%2F12hknsgny!19sChIJmTXpQAQZ2jERZmXslyMqczQ?authuser=0&hl=en&rclk=1
Club AURA,Club,"442 Orchard Rd, Singapore 238879",,,,Tuesday9 pm–5:30 am | Wednesday9 pm–5:30 am | Thursday9 pm–5:30 am | Friday9 pm–5:30 am | Saturday9 pm–5:30 am | Sunday9 pm–5:30 am | Monday9 pm–5:30 am,nightclubs Singapore,"https://www.google.com/maps/place/Club+AURA/@1.3075862,103.8279836,17z/data=!3m1!4b1!4m6!3m5!1s0x31da198cb36f9abd:0xadb12309aad143ad!8m2!3d1.3075862!4d103.8279836!16s%2Fg%2F1pv5v4txn?authuser=0&hl=en&entry=ttu&g_ep=EgoyMDI2MDQyOS4wIKXMDSoASAFQAw%3D%3D"
Club Bollywood Lounge & Bar,Dance club,"67 Circular Rd, Singapore 049421",+880 1878-378017,,,Tuesday8 pm–3 am | Wednesday8 pm–3 am | Thursday8 pm–3 am | Friday8 pm–3 am | Saturday8 pm–4 am | Sunday8 pm–4 am | Monday8 pm–3 am,nightclubs Singapore,"https://www.google.com/maps/place/Club+Bollywood+Lounge+%26+Bar/@1.2863924,103.8491614,17z/data=!3m1!4b1!4m6!3m5!1s0x31da1988116e8651:0x2635bbebbd55b917!8m2!3d1.2863924!4d103.8491614!16s%2Fg%2F11h7ksbx9w?authuser=0&hl=en&entry=ttu&g_ep=EgoyMDI2MDQyOS4wIKXMDSoASAFQAw%3D%3D"
Deluxe Lido Palace,Night club,"317 Outram Rd, #05-01 Concorde Shopping Centre, Singapore 169075",+65 6559 6323,,,Tuesday5 pm–3 am | Wednesday5 pm–3 am | Thursday5 pm–3 am | Friday5 pm–3 am | Saturday7 pm–3 am | Sunday7 pm–3 am | Monday5 pm–3 am,nightclubs Singapore,"https://www.google.com/maps/place/Deluxe+Lido+Palace/@1.288755,103.8342385,17z/data=!3m1!4b1!4m6!3m5!1s0x31da1977e3fcb2e1:0xde9cc7079d148ad6!8m2!3d1.288755!4d103.8342385!16s%2Fg%2F1tf2prdz?authuser=0&hl=en&entry=ttu&g_ep=EgoyMDI2MDQyOS4wIKXMDSoASAFQAw%3D%3D"
Dashi Go-Go,Night club,"138 Market St, Level 39, Singapore 048946",+65 9638 4141,info@cotu.co,https://www.cotu.co/dashi-go-go,TuesdayClosed | Wednesday10:30 pm–3 am | Thursday10:30 pm–3 am | Friday10:30 pm–3 am | Saturday10:30 pm–4 am | Sunday10:30 pm–3 am | MondayClosed,nightclubs Singapore,https://www.google.com/maps/place/Dashi+Go-Go/data=!4m7!3m6!1s0x31da19665982e129:0x5ff88ccb012fbd12!8m2!3d1.2820194!4d103.8500817!16s%2Fg%2F11w3gklkz8!19sChIJKeGCWWYZ2jEREr0vAcuM-F8?authuser=0&hl=en&rclk=1
Club Casa Singapore,Night club,"35 Selegie Rd, B1-01 Parklane Shopping Mall, Singapore 188307",+65 8883 5020,,,Tuesday9 pm–3 am | Wednesday9 pm–3 am | Thursday9 pm–3 am | Friday9 pm–3 am | Saturday9 pm–4 am | SundayClosed | Monday9 pm–3 am,nightclubs Singapore,"https://www.google.com/maps/place/Club+Casa+Singapore/@1.300661,103.8493367,17z/data=!3m1!4b1!4m6!3m5!1s0x31da19f7aed2938f:0x479be5aff39613e7!8m2!3d1.300661!4d103.8493367!16s%2Fg%2F11tk2bbtf6?authuser=0&hl=en&entry=ttu&g_ep=EgoyMDI2MDQyOS4wIKXMDSoASAFQAw%3D%3D"
Behind The Green Door SG,Cocktail bar,"97 Duxton Rd, Singapore 089541",+65 9100 7626,,https://kilo-collective.com/our-venue/behind-the-green-door-singapore/,TuesdayClosed | Wednesday7 pm–2 am | Thursday7 pm–2 am | Friday7 pm–3 am | Saturday8 pm–3:30 am | SundayClosed | MondayClosed,nightclubs Singapore,https://www.google.com/maps/place/Behind+The+Green+Door+SG/data=!4m7!3m6!1s0x31da1918fbc69ddf:0xf4fcc54d80437d88!8m2!3d1.2794847!4d103.8432495!16s%2Fg%2F11vjt4846g!19sChIJ353G-xgZ2jERiH1DgE3F_PQ?authuser=0&hl=en&rclk=1
Alphas club singapore,Night club,"500 Jln Sultan, Singapore 199020",,,,Tuesday9 pm–3 am | Wednesday9 pm–3 am | Thursday9 pm–3 am | Friday9 pm–3 am | Saturday9 pm–3 am | Sunday9 pm–3 am | Monday9 pm–3 am,nightclubs Singapore,"https://www.google.com/maps/place/Alphas+club+singapore/@1.3056188,103.8603467,17z/data=!3m1!4b1!4m6!3m5!1s0x31da19a2f81cce53:0xf1a28739e19afb2d!8m2!3d1.3056188!4d103.8603467!16s%2Fg%2F11khbx88xc?authuser=0&hl=en&entry=ttu&g_ep=EgoyMDI2MDQyOS4wIKXMDSoASAFQAw%3D%3D"
L Bistro,Karaoke bar,"2 Venture Dr, #02-38 Vision Exchange, Singapore 608526",,,,Tuesday5 pm–1 am | Wednesday5 pm–1 am | Thursday5 pm–1 am | Friday5 pm–1 am | Saturday5 pm–2 am | Sunday5 pm–1 am | Monday5 pm–1 am,late night bistro Singapore,"https://www.google.com/maps/place/L+Bistro/@1.330109,103.744756,17z/data=!3m1!4b1!4m6!3m5!1s0x31da115710c46a81:0x469472ea458357ca!8m2!3d1.330109!4d103.744756!16s%2Fg%2F11px9ybr9z?authuser=0&hl=en&entry=ttu&g_ep=EgoyMDI2MDQyOS4wIKXMDSoASAFQAw%3D%3D"
1030 Bar & Bistro 壹零叁零,Bar,"511 Upper Jurong Rd, #01-03 d'Arena, Singapore 638366",+65 9696 0443,,https://www.facebook.com/1030-Bar-Bistro-%E5%A3%B9%E9%9B%B6%E5%8F%81%E9%9B%B6-110564564779420/,Tuesday4 pm–3 am | Wednesday4 pm–3 am | Thursday4 pm–3 am | Friday4 pm–3 am | Saturday5 pm–3 am | SundayClosed | Monday4 pm–3 am,late night bistro Singapore,https://www.google.com/maps/place/1030+Bar+%26+Bistro+%E5%A3%B9%E9%9B%B6%E5%8F%81%E9%9B%B6/data=!4m7!3m6!1s0x31da0ff7fb127cf5:0x9c1bee8e9bf8e8ef!8m2!3d1.3294695!4d103.6828842!16s%2Fg%2F11sg30q8jd!19sChIJ9XwS-_cP2jER7-j4m47uG5w?authuser=0&hl=en&rclk=1
Volta Bistro,Bistro,"27 W Coast Hwy, #01-02/03, Singapore 117867",+65 9007 9793,enquiries@voltabistro.com,https://www.voltabistro.com/,Tuesday 3 pm–1 am | Wednesday 3 pm–1 am | Thursday 3 pm–1 am | Friday 3 pm–1 am | Saturday 3 pm–1 am | Sunday Closed | Monday 3 pm–1 am | Tuesday3–6 pm | Wednesday3–6 pm | Thursday3–6 pm | Friday3–6 pm | Saturday3–6 pm | SundayClosed | Monday3–6 pm | Tuesday3–9:30 pm | Wednesday3–9:30 pm | Thursday3–9:30 pm | Friday3–9:30 pm | Saturday3–9:30 pm | SundayClosed | Monday3–9:30 pm,late night bistro Singapore,https://www.google.com/maps/place/Volta+Bistro/data=!4m7!3m6!1s0x31da1bd18c745725:0x809aa112d6b64ee4!8m2!3d1.2829969!4d103.7801929!16s%2Fg%2F11kbsjz51z!19sChIJJVd0jNEb2jER5E621hKhmoA?authuser=0&hl=en&rclk=1
Bistro At The Park,Restaurant,"96 Pasir Ris Central, Singapore 519638",+65 9062 3686,,,Tuesday 4 pm–12 am | Wednesday 4 pm–12 am | Thursday 4 pm–12 am | Friday 4 pm–3 am | Saturday 4 pm–3 am | Sunday 4 pm–12 am | Monday 4 pm–12 am | Tuesday4–8 pm | Wednesday4–8 pm | Thursday4–8 pm | Friday4–8 pm | Saturday4–8 pm | Sunday4–8 pm | Monday4–8 pm,late night bistro Singapore,"https://www.google.com/maps/place/Bistro+At+The+Park/@1.372715,103.9519128,17z/data=!4m7!3m6!1s0x31da3d80169c044f:0xee34ee03ca3c5b77!8m2!3d1.372715!4d103.9519128!10e2!16s%2Fg%2F11m2s5mkdm?authuser=0&hl=en&entry=ttu&g_ep=EgoyMDI2MDQyOS4wIKXMDSoASAFQAw%3D%3D"
Overtime Bistro 101,Bistro,"101 Eunos Ave 3, #01-01/02, Singapore 409835",+65 8804 2101,,,Tuesday 10:30 am–1 am | Wednesday 10:30 am–1 am | Thursday 10:30 am–1 am | Friday 10:30 am–1 am | Saturday 10:30 am–1 am | Sunday 10:30 am–1 am | Monday 10:30 am–1 am | Tuesday3–6 pm | Wednesday3–6 pm | Thursday3–6 pm | Friday3–6 pm | Saturday3–6 pm | Sunday3–6 pm | Monday3–6 pm,late night bistro Singapore,"https://www.google.com/maps/place/Overtime+Bistro+101/@1.319889,103.898664,17z/data=!4m7!3m6!1s0x31da19b0a9f774b1:0xd2d5ee135a95b1d6!8m2!3d1.319889!4d103.898664!10e2!16s%2Fg%2F11k0l1gjfq?authuser=0&hl=en&entry=ttu&g_ep=EgoyMDI2MDQyOS4wIKXMDSoASAFQAw%3D%3D"
HJ Bistro,Live music bar,"11 Northshore Dr, Singapore 828670",+65 8505 0599,hjbistro@gmail.com,http://hjbistro.sg/,Tuesday12 pm–1 am | Wednesday12 pm–1 am | Thursday12 pm–1 am | Friday12 pm–2 am | Saturday12 pm–2 am | Sunday12 pm–1 am | Monday12 pm–1 am,late night bistro Singapore,https://www.google.com/maps/place/HJ+Bistro/data=!4m7!3m6!1s0x31da15ec26a624db:0xf07a4957b919469e!8m2!3d1.4150195!4d103.8992514!16s%2Fg%2F11c5s30gk8!19sChIJ2ySmJuwV2jERnkYZuVdJevA?authuser=0&hl=en&rclk=1
BKK Bistro & Bar - The Woodgrove,Restaurant,"30 Woodlands Ave 1, #01-10B The Woodgrove, Singapore 739065",+65 6979 3393,eat@imperiumgroup.asia,http://www.imperiumgroup.asia/,Tuesday5 pm–2 am | Wednesday5 pm–2 am | Thursday5 pm–2 am | Friday5 pm–2 am | Saturday5 pm–2 am | Sunday5 pm–2 am | Monday5 pm–2 am,late night bistro Singapore,https://www.google.com/maps/place/BKK+Bistro+%26+Bar+-+The+Woodgrove/data=!4m7!3m6!1s0x31da137f3e96a023:0xe15131daa5150d34!8m2!3d1.4292977!4d103.7811477!16s%2Fg%2F11v15k08yh!19sChIJI6CWPn8T2jERNA0VpdoxUeE?authuser=0&hl=en&rclk=1
U-BAR Thai Bistro,Restaurant,"325 Balestier Rd, #01-02 Singapore 329754",+65 8375 8515,,https://buzz.fnbees.com/SG/en-US/restaurant/ubar-thai-bistro/A8bqINDRFnh9Bg4EqOkZ/dine-in/ja4djUj6ZvmszXzCv28Q/KxTVsnLFW4RGAOljD0p7,Tuesday 11 am–5 am | Wednesday 11 am–5 am | Thursday 11 am–5 am | Friday 11 am–5 am | Saturday 11 am–5 am | Sunday 11 am–5 am | Monday 11 am–5 am | Tuesday2–4:30 am | Wednesday2–4:30 am | Thursday2–4:30 am | Friday2–4:30 am | Saturday2–5:30 am | Sunday2–4:30 am | Monday2–4:30 am | Tuesday11 am–5 pm | Wednesday11 am–5 pm | Thursday11 am–5 pm | Friday11 am–5 pm | Saturday11 am–5 pm | Sunday11 am–5 pm | Monday11 am–5 pm | Tuesday5–11:30 pm | Wednesday5–11:30 pm | Thursday5–11:30 pm | Friday5–11:30 pm | Saturday5–11:30 pm | Sunday5–11:30 pm | Monday5–11:30 pm,late night bistro Singapore,https://www.google.com/maps/place/U-BAR+Thai+Bistro/data=!4m7!3m6!1s0x31da19aa466d05b7:0x23ce4bd9ae4d3816!8m2!3d1.3238185!4d103.8515516!16s%2Fg%2F11md3w9wwl!19sChIJtwVtRqoZ2jERFjhNrtlLziM?authuser=0&hl=en&rclk=1
Frienzie Bar & Bistro,Bar & grill,"10, Tebing Lane, #01-02, 828836",+65 6441 0966,,https://www.facebook.com/FrienzieSG/,Tuesday4 pm–12 am | Wednesday4 pm–12 am | Thursday4 pm–12 am | Friday4 pm–1 am | Saturday4 pm–1 am | Sunday4 pm–12 am | Monday4 pm–12 am,late night bistro Singapore,https://www.google.com/maps/place/Frienzie+Bar+%26+Bistro/data=!4m7!3m6!1s0x31da3df814245f0d:0x6cdfbc94e764e92a!8m2!3d1.3927356!4d103.9172393!16s%2Fg%2F1ptxlz32s!19sChIJDV8kFPg92jERKulk55S832w?authuser=0&hl=en&rclk=1
Cafe de Muse - The Restaurant,Restaurant,"350 Orchard Road, Shaw House, #01-K5/K6 Orchard, 238868",+65 6970 5011,jris@cafedemusesg.com,https://www.cafedemusesg.com/,TuesdayOpen 24 hours | WednesdayOpen 24 hours | ThursdayOpen 24 hours | FridayOpen 24 hours | SaturdayOpen 24 hours | SundayOpen 24 hours | MondayOpen 24 hours,late night bistro Singapore,https://www.google.com/maps/place/Cafe+de+Muse+-+The+Restaurant/data=!4m7!3m6!1s0x31da19e9f1ff1bef:0x9811f49e1a5cf483!8m2!3d1.3057175!4d103.8311862!16s%2Fg%2F11j3xcqzs6!19sChIJ7xv_8ekZ2jERg_RcGp70EZg?authuser=0&hl=en&rclk=1
Angeles City Bistro & Restaurant,Bistro,"51 Soon Lee Rd, Migrant Worker Center, Singapore 628088",+65 9130 7759,,,Tuesday10:30 am–12 am | Wednesday10:30 am–12 am | Thursday10:30 am–12 am | Friday10:30 am–12 am | Saturday10:30 am–1 am | Sunday9:30 am–1 am | Monday10:30 am–12 am,late night bistro Singapore,"https://www.google.com/maps/place/Angeles+City+Bistro+%26+Restaurant/@1.3326004,103.6987357,17z/data=!3m1!4b1!4m6!3m5!1s0x31da0f1375cbb7c3:0x87ff260214b18123!8m2!3d1.3326004!4d103.6987357!16s%2Fg%2F11y21ndd4g?authuser=0&hl=en&entry=ttu&g_ep=EgoyMDI2MDQyOS4wIKXMDSoASAFQAw%3D%3D"
Ayza’s Restaurant,Halal restaurant,"508 Jurong West Street 52, #01-170, Singapore 640508",+65 6756 4963,info@ayzasrestaurantpteltd.com,http://ayzasrestaurantpteltd.com/,TuesdayOpen 24 hours | WednesdayOpen 24 hours | ThursdayOpen 24 hours | FridayOpen 24 hours | SaturdayOpen 24 hours | SundayOpen 24 hours | MondayOpen 24 hours,late night bistro Singapore,https://www.google.com/maps/place/Ayza%E2%80%99s+Restaurant/data=!4m7!3m6!1s0x31da0fdcdda56a21:0x8fe19fe76f1f5ad9!8m2!3d1.3487191!4d103.7187866!16s%2Fg%2F11ckqm_853!19sChIJIWql3dwP2jER2Vofb-ef4Y8?authuser=0&hl=en&rclk=1
Bigg Boss Bistro,Indian restaurant,"102 Dunlop St, Singapore 209438",+65 9124 4785,,,TuesdayOpen 24 hours | WednesdayOpen 24 hours | ThursdayOpen 24 hours | FridayOpen 24 hours | SaturdayOpen 24 hours | SundayOpen 24 hours | MondayOpen 24 hours,late night bistro Singapore,"https://www.google.com/maps/place/Bigg+Boss+Bistro/@1.305768,103.8528982,17z/data=!3m1!4b1!4m6!3m5!1s0x31da19b8f0d85131:0x5d68698e889fb03b!8m2!3d1.305768!4d103.8528982!16s%2Fg%2F11hbt22dp4?authuser=0&hl=en&entry=ttu&g_ep=EgoyMDI2MDQyOS4wIKXMDSoASAFQAw%3D%3D"
Charlie's Restaurant & Bar (Boat Quay),Restaurant,"32 Boat Quay, Singapore 049821",+65 6533 5880,,http://www.charlies.com.sg/,Tuesday11 am–12 am | Wednesday11 am–12 am | Thursday11 am–12 am | Friday11 am–1 am | Saturday3 pm–1 am | Sunday3 pm–12 am | Monday11 am–12 am,late night bistro Singapore,https://www.google.com/maps/place/Charlie%27s+Restaurant+%26+Bar+%28Boat+Quay%29/data=!4m7!3m6!1s0x31da190bcfef1d0f:0x6d2e614b2f5327eb!8m2!3d1.2862228!4d103.8498206!16s%2Fg%2F1twyx11d!19sChIJDx3vzwsZ2jER6ydTL0thLm0?authuser=0&hl=en&rclk=1
Copper Chimney Syed Alwi Road Singapore,Indian restaurant,"100 Syed Alwi Rd, Singapore 207676",+65 9445 5663,contact@foodstack.co,http://www.copperchimney.com.sg/,Tuesday 11:30 am–12 am | Wednesday 11:30 am–12 am | Thursday 11:30 am–12 am | Friday 11:30 am–12:30 am | Saturday 11:30 am–12:30 am | Sunday 11:30 am–12 am | Monday 11:30 am–12 am | Tuesday11:30 am–11 pm | Wednesday11:30 am–11 pm | Thursday11:30 am–11 pm | Friday11:30 am–12 am | Saturday11:30 am–12 am | Sunday11:30 am–11 pm | Monday11:30 am–11 pm,late night bistro Singapore,https://www.google.com/maps/place/Copper+Chimney+Syed+Alwi+Road+Singapore/data=!4m7!3m6!1s0x31da19c7c8d90751:0x103fcda8f0282377!8m2!3d1.3097393!4d103.8553275!16s%2Fg%2F1w0j1qm0!19sChIJUQfZyMcZ2jERdyMo8KjNPxA?authuser=0&hl=en&rclk=1
ABC Nasi Kandar Restaurant,Halal restaurant,"67 Desker Rd, Singapore 209590",,,,TuesdayOpen 24 hours | WednesdayOpen 24 hours | ThursdayOpen 24 hours | FridayOpen 24 hours | SaturdayOpen 24 hours | SundayOpen 24 hours | MondayOpen 24 hours,late night bistro Singapore,"https://www.google.com/maps/place/ABC+Nasi+Kandar+Restaurant/@1.3089772,103.8554487,17z/data=!3m1!4b1!4m6!3m5!1s0x31da19c7c2daf0e7:0x51459b6df6af943d!8m2!3d1.3089772!4d103.8554487!16s%2Fg%2F11g6rkj6v2?authuser=0&hl=en&entry=ttu&g_ep=EgoyMDI2MDQyOS4wIKXMDSoASAFQAw%3D%3D"
Delifrance Singapore - Windsor Cheers Express Corner,Bistro,"353 Upper Thomson Rd, Singapore 574410",+65 6458 2230,enquiries@delifrance.com.sg,http://www.delifrance.com.sg/,TuesdayOpen 24 hours | WednesdayOpen 24 hours | ThursdayOpen 24 hours | FridayOpen 24 hours | SaturdayOpen 24 hours | SundayOpen 24 hours | MondayOpen 24 hours,late night bistro Singapore,https://www.google.com/maps/place/Delifrance+Singapore+-+Windsor+Cheers+Express+Corner/data=!4m7!3m6!1s0x31da172e96b304db:0x7f1cb89d0bab64af!8m2!3d1.3579765!4d103.8284508!16s%2Fg%2F1v41xz7z!19sChIJ2wSzli4X2jERr2SrC524HH8?authuser=0&hl=en&rclk=1
Lazy Lizard Sixth Avenue,Western restaurant,"2 Sixth Ave, Singapore 276470",+65 6468 6289,,https://lazylizard.com.sg/,Tuesday3 pm–12 am | Wednesday3 pm–12 am | Thursday3 pm–12 am | Friday2 pm–1 am | Saturday2 pm–2 am | Sunday2–11 pm | Monday3 pm–12 am,bistros Singapore,https://www.google.com/maps/place/Lazy+Lizard+Sixth+Avenue/data=!4m7!3m6!1s0x31da109ed6990cc1:0x3e3fb7d25ec9fff5!8m2!3d1.3312023!4d103.7951531!16s%2Fg%2F1txflnr3!19sChIJwQyZ1p4Q2jER9f_JXtK3Pz4?authuser=0&hl=en&rclk=1
Barrels Balmoral British–Indian Bistro,Restaurant,"271 Bukit Timah Rd, #01-01 Balmoral Plaza, Singapore 259708",+65 6235 3420,,https://www.chope.co/singapore-restaurants/restaurant/barrels-britishindian-pub-balmoral-plaza?rwg_token=ACgRB3dOAt_3_Xt4SPf9HzaBWqlbcL_vfSrLn4K-sUmo_VaX8gx86YiWW7SIi5w9c43pPsLblEZJdDal7r4lhJGzahvzUEC4hV-kIxjARm71LK6OSPKhhks%3D,Tuesday4 pm–12 am | Wednesday4 pm–12 am | Thursday4 pm–12 am | Friday4 pm–2 am | Saturday1 pm–1 am | Sunday1 pm–12 am | Monday4 pm–12 am,bistros Singapore,https://www.google.com/maps/place/Barrels+Balmoral+British%E2%80%93Indian+Bistro/data=!4m7!3m6!1s0x31da193930782da3:0xc3a78ff59509bf4b!8m2!3d1.3162031!4d103.8358272!16s%2Fg%2F11pb99vq4f!19sChIJoy14MDkZ2jERS78JlfWPp8M?authuser=0&hl=en&rclk=1
NKS Restaurant,Indian Muslim Restaurant,"204 Choa Chu Kang Ave 1, #01-64, Singapore 680204",+65 8757 5203,,https://www.nksrestaurant.com/,TuesdayOpen 24 hours | WednesdayOpen 24 hours | ThursdayOpen 24 hours | FridayOpen 24 hours | SaturdayOpen 24 hours | SundayOpen 24 hours | MondayOpen 24 hours,late night restaurant Singapore,https://www.google.com/maps/place/NKS+Restaurant/data=!4m7!3m6!1s0x31da11b83d4978d5:0xa8c94af69fbf9d11!8m2!3d1.3808436!4d103.7493706!16s%2Fg%2F11hyl0k99x!19sChIJ1XhJPbgR2jEREZ2_n_ZKyag?authuser=0&hl=en&rclk=1
Rasa Rasa @ Teck Whye,Halal restaurant,"160A Jln Teck Whye, Singapore 681160",+65 6763 2685,,https://www.rasarasa.sg/,Tuesday Open 24 hours | Wednesday Open 24 hours | Thursday Open 24 hours | Friday Open 24 hours | Saturday Open 24 hours | Sunday Open 24 hours | Monday Open 24 hours | Tuesday2 pm–1 am | Wednesday2 pm–1 am | Thursday2 pm–1 am | Friday2 pm–1 am | Saturday2 pm–1 am | Sunday2 pm–1 am | Monday2 pm–1 am,late night restaurant Singapore,https://www.google.com/maps/place/Rasa+Rasa+@+Teck+Whye/data=!4m7!3m6!1s0x31da11be9b2e6d95:0x6a42f8647e481f24!8m2!3d1.3803814!4d103.7572992!16s%2Fg%2F11cn9k008w!19sChIJlW0um74R2jERJB9IfmT4Qmo?authuser=0&hl=en&rclk=1
Private Dining Singapore | Avodah by Stellamoon,Restaurant,"5 Koek Rd, Singapore 228796",+65 9106 2914,,,TuesdayOpen 24 hours | WednesdayOpen 24 hours | ThursdayOpen 24 hours | FridayOpen 24 hours | SaturdayOpen 24 hours | SundayOpen 24 hours | MondayOpen 24 hours,late night restaurant Singapore,"https://www.google.com/maps/place/Private+Dining+Singapore+%7C+Avodah+by+Stellamoon/@1.3019408,103.8407663,17z/data=!3m1!4b1!4m6!3m5!1s0x31da19183248acb7:0x8758b611d4e23861!8m2!3d1.3019408!4d103.8407663!16s%2Fg%2F11jzsfw4fq?authuser=0&hl=en&entry=ttu&g_ep=EgoyMDI2MDQyOS4wIKXMDSoASAFQAw%3D%3D"
Tasmia Restaurant & Biryani House,Restaurant,"500 Old Choa Chu Kang Rd, Singapore 698924",+65 9347 0627,,,TuesdayOpen 24 hours | WednesdayOpen 24 hours | ThursdayOpen 24 hours | FridayOpen 24 hours | SaturdayOpen 24 hours | SundayOpen 24 hours | MondayOpen 24 hours,late night restaurant Singapore,"https://www.google.com/maps/place/Tasmia+Restaurant+%26+Biryani+House/@1.3776067,103.7182517,17z/data=!3m1!4b1!4m6!3m5!1s0x31da0f324ed4aaa3:0x9875104dc2e71505!8m2!3d1.3776067!4d103.7182517!16s%2Fg%2F11h4g_vcdf?authuser=0&hl=en&entry=ttu&g_ep=EgoyMDI2MDQyOS4wIKXMDSoASAFQAw%3D%3D"
McDonald's Choa Chu Kang Park (Drive-Thru),Fast food restaurant,"26 Choa Chu Kang Dr, Singapore 689719",+65 6777 3777,,https://www.mcdonalds.com.sg/,Tuesday7 am–12 am | Wednesday7 am–12 am | Thursday7 am–12 am | FridayOpen 24 hours | SaturdayOpen 24 hours | Sunday7 am–12 am | Monday7 am–12 am,late night restaurant Singapore,https://www.google.com/maps/place/McDonald%27s+Choa+Chu+Kang+Park+%28Drive-Thru%29/data=!4m7!3m6!1s0x31da119293f4c46d:0x6e015a6a30b7442c!8m2!3d1.3879346!4d103.7463494!16s%2Fg%2F11sk5rv0qy!19sChIJbcT0k5IR2jERLES3MGpaAW4?authuser=0&hl=en&rclk=1
Teochew Cuisine Restaurant,Chinese restaurant,"Bukit Batok West Ave 6, #01-300 Block 132, Singapore 650132",+65 6560 0050,,,Tuesday10 am–4 am | Wednesday10 am–4 am | Thursday10 am–4 am | Friday10 am–4 am | Saturday10 am–4 am | Sunday10 am–4 am | Monday10 am–4 am,late night restaurant Singapore,"https://www.google.com/maps/place/Teochew+Cuisine+Restaurant/@1.3503551,103.7459189,17z/data=!3m1!4b1!4m6!3m5!1s0x31da103bf9f85311:0x7bfc1c7e174d8282!8m2!3d1.3503551!4d103.7459189!16s%2Fg%2F1td7429h?authuser=0&hl=en&entry=ttu&g_ep=EgoyMDI2MDQyOS4wIKXMDSoASAFQAw%3D%3D"
Al-Rsak Indian Muslim Food,Indian Muslim Restaurant,"347 Bukit Batok Street 34, Block 347 Block 347, Singapore 650347",,,,TuesdayOpen 24 hours | WednesdayOpen 24 hours | ThursdayOpen 24 hours | FridayOpen 24 hours | SaturdayOpen 24 hours | SundayOpen 24 hours | MondayOpen 24 hours,late night restaurant Singapore,"https://www.google.com/maps/place/Al-Rsak+Indian+Muslim+Food/@1.3620862,103.7512493,17z/data=!3m1!4b1!4m6!3m5!1s0x31da103524ea8201:0xe4ba961f86f71603!8m2!3d1.3620862!4d103.7512493!16s%2Fg%2F1tff53fw?authuser=0&hl=en&entry=ttu&g_ep=EgoyMDI2MDQyOS4wIKXMDSoASAFQAw%3D%3D"
Mufiz Food Centre,Indian Muslim Restaurant,"632 Bukit Batok Central, #01-136, Singapore 650633",,,,TuesdayOpen 24 hours | WednesdayOpen 24 hours | ThursdayOpen 24 hours | FridayOpen 24 hours | SaturdayOpen 24 hours | SundayOpen 24 hours | MondayOpen 24 hours,late night restaurant Singapore,"https://www.google.com/maps/place/Mufiz+Food+Centre/@1.3495008,103.7503975,17z/data=!3m1!4b1!4m6!3m5!1s0x31da1038b2db19f5:0xa0db571a36daacf5!8m2!3d1.3495008!4d103.7503975!16s%2Fg%2F1vr39pjk?authuser=0&hl=en&entry=ttu&g_ep=EgoyMDI2MDQyOS4wIKXMDSoASAFQAw%3D%3D"
6ix 6ix 六六 - 小龙虾.烤鱼.烧烤.啤酒,Chinese restaurant,"23 Cuppage Rd, Cuppage Terrace, Singapore 229453",+65 8878 8866,,https://6ix6ix.com.sg/,Tuesday Open 24 hours | Wednesday Open 24 hours | Thursday Open 24 hours | Friday Open 24 hours | Saturday Open 24 hours | Sunday Open 24 hours | Monday Open 24 hours | TuesdayOpen 24 hours | WednesdayOpen 24 hours | ThursdayOpen 24 hours | FridayOpen 24 hours | SaturdayOpen 24 hours | SundayOpen 24 hours | MondayOpen 24 hours | TuesdayOpen 24 hours | WednesdayOpen 24 hours | ThursdayOpen 24 hours | FridayOpen 24 hours | SaturdayOpen 24 hours | SundayOpen 24 hours | MondayOpen 24 hours,24 hour restaurant Singapore,https://www.google.com/maps/place/6ix+6ix+%E5%85%AD%E5%85%AD+-+%E5%B0%8F%E9%BE%99%E8%99%BE.%E7%83%A4%E9%B1%BC.%E7%83%A7%E7%83%A4.%E5%95%A4%E9%85%92/data=!4m7!3m6!1s0x31da19b7f1a8b0bb:0xb804894e5e1e962!8m2!3d1.3018697!4d103.8402826!16s%2Fg%2F11h4zq84b8!19sChIJu7Co8bcZ2jERYunh5ZRIgAs?authuser=0&hl=en&rclk=1
