name,category,description,website,whatsapp,page_url,active_deal_count,deal_titles
J+U Envirolution,Cleaning Services,an eco-friendly cleaning company,https://juconsultancy.sg/contact-us/,+6597591176,https://btogroupbuy.sg/brand/j+u-envirolution-71feb86f-45f6-4de4-8ce5-5cf250283ad3,2,Post Renovation Cleaning | Vinyl Luxe Care
Saniton Ceramic Pte Ltd,Bathroom,Ceramic manufacturer in Singapore,https://www.google.com/url?sa=i&url=https%3A%2F%2Fwww.saniton.com%2F&psig=AOvVaw3UlP5bR-_Iy-JALVwFjXjF&ust=1753264611697000&source=images&cd=vfe&opi=89978449&ved=0CAMQjB1qFwoTCPi0kdfB0I4DFQAAAAAdAAAAABAE,+6581695878,https://btogroupbuy.sg/brand/saniton-ceramic-pte-ltd-94df3475-7fd6-4c93-ad40-bd725fbd4801,1,15% Discount Saniton Toilets and Washbasins
AmGlow Water Systems,Water,Water filter supplier in Singapore,https://amglow.com/?srsltid=AfmBOorxjXK93BcwvAhxmP3kFXj0sLw09ZtXMx_ZDxo-sS4I117lYj-r,+6587902885,https://btogroupbuy.sg/brand/amglow-water-systems-156d85a0-f9dd-4e4d-8163-de8affafecf9,1,10% Off AmGlow Contour 7
Aqara SG,Window & Curtain,Unparalleled Smart Home Ecosystem,https://www.ttg.sg/,+6569900088,https://btogroupbuy.sg/brand/aqara-sg-403f5527-a012-4b5d-ac27-f41098e24983,3,"10% off Aqara Smart Lighting (Magnetic track light, T2 Downlights) | 10% Off Aqara Motorised Curtains and Roller Blinds | Aqara D1 / H1 / Z1 Smart Home Packages (Switches and Sensors)"
Framier,Bedroom,Customised bed sets,https://framier.sg/?srsltid=AfmBOoqpxp-QLN-zIjUgp4pr4KfHWCAg8d0jLzMQnLLvWT6y-e2x7bmV,+6582628212,https://btogroupbuy.sg/brand/framier-7006fd53-aea3-42e3-8297-dce170cb1c72,1,5% discount on Customized Bedframe
Passion Home, Lighting and Fans ,Experience keyless convenience and enhanced security with smart door locks.,https://passionhome.sg/,+6587875405,https://btogroupbuy.sg/brand/passion-home-b832b5de-e62d-4c57-93ab-dd8e77bd5c96,4,10% off Bestar Ceiling Fans | 10% Off Point One Smart Fans | Up to 30% OFF KDK Ceiling Fans | 10% Shopping Voucher Rebate
Sleep Space,Bedroom,Has assembly service,https://www.sleepspace.com.sg/pages/store-locator,+6566777645,https://btogroupbuy.sg/brand/sleep-space-d1548577-09a7-4370-bfd7-7eab791671cd,5,10% on Bed Frames  | 14% OFF Family Mattress & Bed Bundle Deals | 10% OFF Sinfonia - Kids Dual Firmness Mattress | 10% on Mattresses | 10% on Mattress + Bed Frame Bundles
126 Cleaning,Cleaning Services,"Professional post-renovation cleaning services using child and pet safe cleaning solutions and eco-friendly solutions. Transform your newly renovated home into a pristine, move-in ready space with our comprehensive cleaning solutions.",https://126cleaning.sg/,87563076,https://btogroupbuy.sg/brand/126-cleaning-05f73117-16a3-462a-90ae-6bbdd5e2b840,1,BTO Free 1x Move In Cleaning
338 Aircon,Aircon Installation,"338 Aircon provides cheap aircon servicing, installation services for homeowners.",https://www.338aircon.sg,+6598894141,https://btogroupbuy.sg/brand/338-aircon-29c6fa24-d9f4-4536-bad0-f609480d0f97,2,Aircon Installation - Daikin | Aircon Installation - Mitsubishi Starmex
A&J Painting,Painting,High Quality and Affordable Painting Services In Singapore,https://ajpainting.com.sg/about/,+6593821820,https://btogroupbuy.sg/brand/aj-painting-0a7190bd-bf2a-4c24-9711-a052b3d96510,1,Painting Deals from $380 only !
A1 Inspection,Defect Checking, Ensure homeowners a fit and proper inspections. ,https://a1inspection.sg/,+6593666622,https://btogroupbuy.sg/brand/a1-inspection-b73ac1ae-e22e-4238-81df-9190f848e61e,2,Condo- Defect check 3 Trips | BTO- Defect check 3 Trips
Absolute Inspection,Defect Checking,"New Home Defects Inspection - from $200

$200 $250 (20% off)


- Not sure how to inspect your brand new house or reno works for defects?
- Can’t get your contractor to repair the problems you discovered?
- Can't tell if your contractor has rectified the defects properly before handover?

Fret not. We can help you!

Absolute Inspection is an independent defects specialist for new / resale / renovated properties. We provide Professional Inspections & Sound Technical Advice on your property's problems. Our experienced inspectors will guide you and get your contractors to accept & rectify the reported issues to industry standards.

Our inspections comply with BCA CONQUAS, Singapore's prevailing standards for construction quality. Being Certified by the Royal Institution of Chartered Surveyors (RICS), we are qualified to represent you in CASE, Mediation, Small Claims Tribunal & State Court.

In a country where there are many bogus & un-certified inspectors offering home defects inspections, we are your BEST ASSURANCE that your house will be in good hands!

- Pioneer in Home Defects Inspections in Singapore
- Only RICS-Certified defects company in Singapore
- Only defects company in Singapore with Professionally Trained & Calibrated inspectors
- Only defects company with Free Lifetime off-site Technical Support
-  30,000+ home inspections in Singapore & Malaysia
- 1,000+ positive testimonials in Google, FB & portals
- Inspections based on BCA CONQUAS 
- Comprehensive 3-Time Site Inspections
- Exclusive Group Buy Rates
- Hassle free & Absolute peace of mind


Being home owners ourselves, we feel your disappointment when you find quality issues in your new home. We also know your frustrations in dealing with contractors. Let us help you to solve your problems.

Hurry and book your appointment for a professional defect inspection with us! Call / WhatsApp us @ 91512312 or visit us @ www.absoluteinspection.sg",https://absoluteinspection.sg/,+6591512312,https://btogroupbuy.sg/brand/absolute-inspection-2e0c1d2f-57fd-4a8f-8410-ed8227d0cf40,2,New Home Defect Check from $200 | FREE Consultation on New Home Defect
AC Vision Design,Renovation & ID,"Our Story
Your Dream, We Actualize

At AC Vision Design, we transform your dream interiors into reality with a blend of creativity and functionality. As a leading interior design firm in Singapore, we specialise in HDB, condo, and commercial projects, ensuring each space reflects your unique vision and lifestyle.

With more than 10 years of experience in creating stunning interiors for homes in Singapore, AC Vision Design takes pride in delivering exquisite interiors that reflect, creativity, individuality, and functionality. ",https://www.acvision.com.sg/,+6598485080,https://btogroupbuy.sg/brand/ac-vision-design-6233b5c5-3e16-488f-8832-e856b6b47257,1,HDB BTO Renovation Package (Premium)
Ace Curtains & Furnishing,Window & Curtain,"About Us
Since 2015, Ace Curtains have been committed to provide high quality custom curtains and blinds at affordable prices. 

Our consultants and installation team have more than 10 years of experience, making us the experts in the industry.  From material selection to installation, our team will ensure that you get a hassle-free experience.

We have had over 10,000 satisfied customers & businesses and counting since, and pride ourselves as a trusted name in the window covering industry. And we aim to continue to provide good quality curtains & blinds with fast lead time of 10-14 working days. ",https://acecurtains.com.sg/,+6597392341,https://btogroupbuy.sg/brand/ace-curtains-furnishing-83d8a20b-04df-4a32-be44-dc879fd4e71c,1,HDB BTO Curtain Packages from $500 only
Advance Inspection,Defect Checking,"DEFECTS INSPECTION SERVICE
Our inspection team will thoroughly inspect your properties and assess the conditions of the following through the industries quality standards and also for compliance with BCA's guidelines, and if not found satisfactory, ensuring that developers are informed, and does the necessary rectification works.

​

Our specialists will guide you through the following process:

​

1st Inspection: Identifying defective works & report submission to client and / or developer

2nd Inspection: Joint inspection appointment with client & developer on defective works

3rd Inspection: Conducting of final inspection on developer rectification works

​

* All our reports are image documented. Full set soft-copy report will be submitted to you.

** For development using NOVADE, defects submission will be via app too.

​",https://www.advanceinspection.sg/,+6587480988,https://btogroupbuy.sg/brand/advance-inspection-ae7db538-04f2-4e54-b4d4-45511a90793d,4,Tampines Greenjade Defect Check Saving 15% | WoodGrove Ascent Defect Inspection Saving 15% OFF | Defect inspection for Condo from $200 with extra 15% OFF  | Defect inspection for HDB from $150 with extra 15% OFF
Aircon Fairprice,Aircon Installation,"Aircon Fairprice Singapore
At Aircon Fairprice, we specialize in delivering efficient and affordable air conditioning services tailored to your needs. Whether it’s for your home, office, or commercial space, our experienced team is committed to providing reliable solutions with a focus on customer satisfaction!",https://airconfairprice.sg/,6588982345,https://btogroupbuy.sg/brand/aircon-fairprice-503d0d50-8aaf-4246-a6be-790f9ec5329e,1,New Aircon Installation Rebate Up to $300
Aircon Rescue,Aircon Installation,"About Aircon Rescue
Aircon Rescue is your trusted partner for expert air conditioning services in Singapore. With 6 years of experience and a proven track record of successfully servicing over 9,000 aircon units, we specialize in keeping your cooling systems running smoothly and efficiently. Our team of skilled technicians is dedicated to providing top-notch service and prompt solutions, ensuring a comfortable indoor environment for both homes and businesses. From routine maintenance and repairs to professional installations and thorough cleaning, we offer a comprehensive range of services tailored to your specific needs. Contact us today to experience the Aircon Rescue difference.",https://airconrescue.sg/,88696565,https://btogroupbuy.sg/brand/aircon-rescue-9d361cbf-d4f8-46f8-b8b0-297bffcffa18,2,Aircon Installation SAVING $600 | Aircon Installation from $2300 + 6years Warranty
Amyth Aircon,Aircon Installation,"Why choose Amyth?

No Middleman
Without the need to outsource our services, we are able to provide a competitive market rate

Fast Response
We always strive to respond as soon as possible to our clients, making us efficient in every project

Professional & Experienced
Our 10 years of experience in air-con servicing & installation allows us to deliver quality assurance

30 Days Workmanship
Stay risk-free with our 30 days warranty on installation or replacement of parts",https://amythllp.com/,+6583835159,https://btogroupbuy.sg/brand/amyth-aircon-8ec47f7d-d681-4264-a598-e7658d423df0,2,BTO Ceiling Fan Bundle Deals from $329/unit | BTO Aircon installation only from $2488
An Digital Lock Coming Soon,Door & Locks,"Tired of fumbling with keys or worrying about home security? 🔑
Introducing the latest smart digital locks — designed for BTO homes and modern lifestyles.

At AN Digital Lock Singapore, we specialize in bringing the latest smart home security solutions to every household. From advanced digital locks to cutting-edge home access systems, our mission is simple — to make your home safer, smarter, and more convenient.

Whether you want facial recognition, fingerprint unlock, WiFi control, or even Marvel’s official Spider-Man digital lock, we’ve got the perfect smart lock solution for your family.
✔️ Seamless 1-way or 2-way sync
✔️ Multiple access modes (PIN, RFID, App, Mechanical key & more)
✔️ Trusted brands: Solity, Hafele, Philips, Marvel

❤️ Imagine walking up to your door — no keys, no hassle. Just a quick scan, and you’re in.
✨ Exclusive perks:
Huge savings with Group Buy Prices (up to $400 off!)
Get a FREE Spider-Man Gaming Chair (Marvel Lock only)
Singapore’s 1st push-pull lock with facial recognition


🔒 Upgrade your home today with the best safety & convenience at unbeatable group buy prices!
📩 Join Deals now to reserve your lock & enjoy the promo before it ends.",https://andigitallock.com/, +6591895712,https://btogroupbuy.sg/brand/an-digital-lock-coming-soon-eac7f6ec-1311-44e2-b2cd-618b4b907aa4,2,Coming Soon | Coming Soon
AsC Racking,Home & Living,"At ASC Racking, we specialize in providing high-quality storage solutions that meet and exceed your expectations. Our durable and versatile storage racks in Singapore are designed to help you make the most of your available space while maintaining a neat and efficient environment. From storeroom racks for residential use to heavy-duty boltless racks for warehouses and commercial spaces, we offer a complete range of options to suit your needs.

Each storage rack is carefully designed to ensure easy assembly, maximum load-bearing capacity, and long-lasting performance. Whether you’re organizing your storeroom, office, or industrial facility, our storage racks help improve accessibility, safety, and productivity. With years of expertise and a commitment to quality, ASC Racking is your trusted partner for reliable and customizable storage racks in Singapore that deliver both functionality and value.",https://asc-racking.com/,8168 0368,https://btogroupbuy.sg/brand/asc-racking-f3705452-77cc-4d7b-a2b9-bee2d64e0ab2,2,🔥BTO Bomb Shelter Single Rack Group Buy - From $225🔥 | 🔥BTO Bomb Shelter Storage Rack Group Buy – From $315🔥
Assuring Home Quality,Defect Checking,Assure Home Inspection is happy to offer a Home Inspection for all. We have a great discount for your developments' defect inspection.  ,,+6588342742 ,https://btogroupbuy.sg/brand/assuring-home-quality-02146d67-0792-4291-a4ad-2a94df6d2f13,1,HDB Assure Home Inspection from $300 only
Bath & Co,Bathroom,"BATH & CO.
We are thrilled to have you here today. Our showroom is designed and curated with an extensive range of top-quality bathroom and kitchen accessories to serve the needs for your beautiful home.

We are a fine purveyor of the latest and most innovative designs in sanitary wares including faucets, showers, toilets, wash basins and more. We understand your home is your sanctuary and we believe that your choice should reflect your personal style and taste. That’s why we offer you widest selection of products to suit your budget and design preference.

At our showroom, we are committed to providing you with exceptional service experience that accompanies with the highest quality products.

Thank you and we look forward to your visit at our showroom and helping you to create the perfect bathroom and kitchen for your home…",https://bathnco.com.sg/,+6598889926,https://btogroupbuy.sg/brand/bath-co-e96f0afc-51e7-4b5b-b55c-fc8be5b41b4f,1,Vinity Cabinet Hot Sale from $899
Be Mitey Clean,Cleaning Services,"✨ Move Into Your New Home the Clean & Healthy Way ✨

Just collected your BTO keys or completed your reno? 🚪🏠
Don’t let hidden dust, dirt, and chemical smells spoil your fresh new start!


At Be Mitey Clean, we specialise in Post Renovation Cleaning designed for new homes:
✅ Tackle stubborn micro dust left from renovation
✅ Comprehensive checklist + final walkthrough
✅ Commercial-grade equipment & safe solutions
✅ Free window pressure steaming included

We also provide:
✨ Floor Deep Cleaning – Removes dirt from gaps, adds anti-bacterial matte coating
✨ Formaldehyde Removal – Neutralises chemical odours, safe for kids & pets

Join our BTO Group Buy Promo and enjoy huge savings:
💰 Post Reno Cleaning: Up to 15% OFF
💰 Package Deal: Up to 25% OFF
💰 Additional 10% OFF when you add on floor cleaning or formaldehyde removal!

Over 800+ 5-star Google reviews 🌟 trusted by homeowners across Singapore.

👉 Don’t wait – your dream home deserves a spotless, healthy start!",https://bemiteyclean.com/,+6531383803,https://btogroupbuy.sg/brand/be-mitey-clean-d46450c1-d873-4b62-9480-b14b581768ea,6,BTO Spring Cleaning Package - 10%OFF | BTO Post Renovation Cleaning Package - 10%OFF | BTO Furniture Deep Cleaning Promo - 10% OFF | BTO Formaldehyde Removal Group Buy Singapore | BTO Floor Deep Cleaning Group Buy Singapore | Post Renovation Cleaning Up To 15% OFF
Bedtribe,Bedroom,Bedding and furniture ,https://www.bedtribe.com/?srsltid=AfmBOorci5VVDNF-iz5KJt_qTzrJnsXLFSR08xBLZ9tMYlXh8JHxDHQB,+6588942312,https://btogroupbuy.sg/brand/bedtribe-4a11e0fc-f30d-48fe-982a-4ee23f7d7533,1,12% Off Iced Bamboo Sheets Set
Benjamin Moore,Painting,"When it comes to premium paints for your home, Benjamin Moore has set the standard for excellence.",https://www.benjaminmoore.sg/,+6569700891,https://btogroupbuy.sg/brand/benjamin-moore-91c7da09-b50f-48c7-8af8-e107aed09ed9,1,Trusted signature painting packages from $1400
BTO Acrylic Panel,Bathroom,,https://t.me/sgbtogroupbuy/316,+65  8169 5878,https://btogroupbuy.sg/brand/bto-acrylic-panel-3bd1ce12-9dfa-4a52-a631-27f5056f656a,1,Bathroom Acrylic Panels BTO Group Buy
BTO Acrylic Panel Group Buy,Bathroom,,btogroupbuy.sg,8169 5878,https://btogroupbuy.sg/brand/bto-acrylic-panel-group-buy-e3c13421-383c-4998-8d73-44e7e8945629,1,💡Acrylic Panel BTO Group Buy🔥+  FREE Post-Renovation Cleaning Voucher🔥
Budget Painting SG,Painting,"100% CHEAPEST House Painting Services Singapore
Your most affordable, reliable, best painters for house painting Services Singapore. Call us for a free price quote. ",,+6596413530,https://btogroupbuy.sg/brand/budget-painting-sg-0e6ea916-9cc9-4b0f-81cf-ecc8e87b0db9,1,BTO Painting Service
Casa Concetto - Premium Luxury Furniture,Furniture,Has assembly service,https://www.google.com/url?sa=i&url=https%3A%2F%2Fwww.casaconcetto.sg%2F%3Fsrsltid%3DAfmBOopw4yCiuyg3TUET0MWUUwJPKWJLsMVq2wKc6NN6nm3kIfOPa05B&psig=AOvVaw3CoD42V0KOG7xu2-1hJPyj&ust=1753264541408000&source=images&cd=vfe&opi=89978449&ved=0CAMQjB1qFwoTCLjr0LXB0I4DFQAAAAAdAAAAABAE,+6531384896,https://btogroupbuy.sg/brand/casa-concetto--premium-luxury-furniture-57882f67-e08b-4865-a615-e02be18f7536,6,"Customisable Fabric Sofa with (any) coffee table $1,500 - $10,000 | Queen/King Size Mattress $1,800 - $4,800 | Customisable Designer Bedframe | Customisable Rug $500 - $2,000 | Customisable Full-Grain Leather Sofa with (any) coffee table | Customisable Sintered Stone Dining Table with (any) Dining Chairs "
Chemicaless Cleaning,Cleaning Services,"Upholstery Deep Cleaning Group Buy – Save 45%!

Hi neighbors! We’re organizing a group buy for professional upholstery deep cleaning at a special rate of just $66 per item (usual price $120**) – that’s a **45% savings!

To activate this promotion, we need at least 10 households to join in. This is a great opportunity to refresh your sofa, mattress, curtains, and carpets at a discounted rate!

Why deep clean?  
Upholstery and soft furnishings act like sponges – they trap dust, allergens, bacteria, and even pests over time. Even if they look clean on the surface, deep cleaning at least once a year helps remove hidden dirt, improves indoor air quality, prolongs the life of your furniture, and creates a healthier home environment for your family.

Interested? Drop a message here or contact me directly to register your interest. Let’s keep our homes clean and comfortable together!

T&C Applies",https://www.facebook.com/chemicalesscleaning,+6580694918,https://btogroupbuy.sg/brand/chemicaless-cleaning-59bd5e91-a8d6-4ac8-b8f5-988c1cbc58ef,1,Upholstery Deep Cleaning Group Buy – Save 45%!
Cleanzonesg,Cleaning Services,,https://www.instagram.com/cleanzonesg?igsh=bTZ6b3V1ZDd1ZWQy,+65 8853 2729,https://btogroupbuy.sg/brand/cleanzonesg-40d29f15-979a-4a0e-93b3-d0a96d89faf2,4,🔥 BTO FORMALDEHYDE REMOVAL - From just $250 🔥 | 🧽 BTO End of Tenancy Cleaning – From Just $320 🧽 | ✨ BTO Deep Scrubbing Cleaning – From Just $188! ✨ | BTO Post Renovation Cleaning from $270
Clover Sleep,Bedroom,,https://www.sweetdreams.sg/,6591193786,https://btogroupbuy.sg/brand/clover-sleep-81d9ad21-344e-456e-bdb4-a508345b9438,1,Clover Adjustable Bed 16% OFF Bundle Deal+ Exclusive $168 OFF For BTO Group Buy
Cosmos Decor Carpentry Singapore,Renovation & ID,Carpenter,https://www.cosmosdecor.com/,+6598806353,https://btogroupbuy.sg/brand/cosmos-decor-carpentry-singapore-0c54e756-3992-46e3-99ec-fc2520b722ab,1,BTO Renovation Package Saving Up To $2000
Coway Singapore,Water,"After completing construction in 1994, Korea's Yugu factory expanded in 1995 to become the world’s largest consumer electronics manufacturing site. By 1997, it began producing 1.44 million water filtration devices annually using a high-tech Programmable Logic Controller (PLC)-based automated facility.

The factory emphasized sustainability and quality by implementing a zero-fault system, establishing an Environmental R&D Centre, and launching the Water Analysis & Research Centre (WARC), achieving zero waste and defects while boosting productivity and reducing costs.",www.coway.sg,+65 88961813,https://btogroupbuy.sg/brand/coway-singapore-c3d9a6a2-b8ed-465a-97ce-6203cf984076,1,Water Purifier Coway Singapore BTO Group Buy - 20% Off
Desh Door,Door & Locks,"Your main door is the first thing everyone notices — why settle for ordinary when you can have a door that makes a statement and keeps your home secure?

Meet Desh Door from Deshin Group: a premium, durable door solution engineered for style, safety, and longevity. With solid craftsmanship, modern materials, and aesthetic finishes, it blends beautifully with contemporary interior design while meeting functional needs.


Here’s why homeowners love Desh Door:
✅ Robust Construction — Built to resist everyday wear, moisture, and warping.
✅ Elegant Finishes — Sleek, modern aesthetics that elevate the look of your entrance.
✅ Enhanced Security — Secure locking system and strong frame to protect your household.
✅ Low Maintenance — Clean finish, resilient materials, keeps good look over time with minimal effort.


Don’t wait until your old door drags down your home’s curb appeal and safety. Upgrade to Desh Door today — visit the Deshin Group site to explore models, get sizing info, and order the right fit.",https://deshingroup.com/,6592317826,https://btogroupbuy.sg/brand/desh-door-1f0505bb-7b5e-4b30-84b5-717d01684ffb,2,Desh Door Vala Series Saving $80 | Desh Door Fenna Series Saving $80
Direct Plumber,Plumber,#1 Cheap Plumbing Services Singapore,https://directplumber.sg/,+6589322345,https://btogroupbuy.sg/brand/direct-plumber-5a946a65-eecc-47cc-8f9a-5b1e9abcfc48,2,Plumbing - Installation  | Plumbing deals
Dr Penguin Aircon,Aircon Installation,"❄️❄️ SG BTO OWNERS – EXCLUSIVE AIRCON DEALS ❄️❄️

🔥 Just collected your BTO keys? Don’t wait till the heatwave hits! DR PENGUIN AIRCON brings you up to 20% OFF selected Daikin & Mitsubishi Starmex systems — only for BTO group members!

Enjoy exclusive prices (with warranty, free delivery & installation included):
✅ Daikin / Mitsubishi Starmex System 2 – from $2,368 (U.P $2,910)
✅ Daikin System 3 – from $3,468 (U.P $4,140)
✅ Daikin / Mitsubishi System 4 – from $4,268 (U.P $5,300)

Why choose Dr Penguin?
✔ FREE on-site consultation
✔ High-quality workmanship
✔ Durable materials for long-lasting comfort
✔ Transparent pricing (no hidden costs!)
✔ Authorized reseller for reputable aircon brands

🎁 Plus, redeem 2 FREE aircon servicing sessions within your first year of purchase — peace of mind guaranteed.

👉 Call / WhatsApp us at 9688 5475 now to lock in your BTO deal.
👉 Visit drpenguinaircon.sg for details.

Stay cool, save big, and let Dr Penguin take care of your comfort! 🐧❄️",https://drpenguinaircon.sg/,6596885475,https://btogroupbuy.sg/brand/dr-penguin-aircon-a57f3084-fda5-44be-a258-4344b31ab1d1,2,🔥Aircon Cleaning Service Promotion BTO Group Buy - Now $30 🔥 | Aircon Installation 20% OFF + FREE 2xservicing
Easy Painting,Painting,Affordable SG Painting Services Without The Headache!,https://easypainting.sg/#contact, +6587883388,https://btogroupbuy.sg/brand/easy-painting-8081bee0-3488-4231-8c3f-430651d2611c,2, Painting - Odour less Ultra Durable  |  Painting - Odour less
Easy Plumber,Plumber,We offer 24/7 emergency plumbing services and provide immediate emergency plumbing,https://easyplumber.sg/,+65 88661005 ,https://btogroupbuy.sg/brand/easy-plumber-a7f45f7f-0e0f-439d-94f6-f8259c2aef7a,2,Plumbing- Installation  | Easy Plumbing deals 
EasyClean,Cleaning Services,"🏡✨ BTO Owners Special – EasyClean SG Bundle Deal ✨🏡

Just collected your keys? After renovation, your new home may look beautiful… but it’s often filled with dust, debris, and harmful formaldehyde 😷. Don’t risk your family’s health!

EasyClean SG offers a complete post-renovation cleaning + formaldehyde removal bundle — so your home is not only spotless but also safe and fresh for move-in.

✅ Affordable, all-in-one packages for BTOs:
* 2-room Flexi: $390 NETT
* 3-room: $490 NETT
* 4-room: $590 NETT
* 5-room: $690 NETT

💡 Condo owners? We’ve got you covered too – from just $390 NETT onwards.

With our professional team, proven cleaning methods, and formaldehyde removal expertise, you can move into your dream home with peace of mind. 🧹🌿

👉 Book your EasyClean SG BTO bundle deal today!",https://www.easycleansg.com/,6585430471,https://btogroupbuy.sg/brand/easyclean-adb4ba41-5dd7-4c5a-bf21-35741eb1b30a,3,Formaldehyde Removal enjoy 10% OFF | Post Renovation Cleaning enjoy 10% OFF | Bundle Deal Post-Renovation Cleaning + Formaldehyde Removal
Eazea Coming Soon,Door & Locks,"No.1 Digital Locks Provider in Singapore

As Singapore’s No. 1 Digital Lock Provider, Eazea is a proud homegrown conventional digital lock brand, featuring over 5,000 5-star reviews on Facebook and Google for our professional services and quality products. We provide a wide range of digital locks for doors and gates that can offer your property the security measures it deserves to keep you and your loved ones safe and sound. To showcase our commitment, we are proud to share that we are Premium Partners of Samsung’s Smart Lock and Philips’ Digital Lock, as well as Exclusive Distributors of Midea’s Smart Lock.

Enjoy robust, high-tech digital lock systems to safeguard your home; going keyless is Eazea!",https://www.eazea.sg/,6583836777,https://btogroupbuy.sg/brand/eazea-coming-soon-c5bc11cb-d11f-48cd-89fb-7d3124285444,1,Coming Soon 
EMILIO'S DEFECT CHECK,Defect Checking,, https://carousell.app.link/tL7z6MOHM1b,+65 8416 2604,https://btogroupbuy.sg/brand/emilio's-defect-check-8bd6aeb8-ed16-49ce-b7e9-5e96c42a4473,1,🔥BTO Defect Check Promo – From $80 | HDB & Condo Packages Available🔥
EMILIO'S SOLUTIONS,Cleaning Services,, https://carousell.app.link/tL7z6MOHM1b,84162604,https://btogroupbuy.sg/brand/emilio's-solutions-818cac18-a3ea-436e-b23f-7d5e59d577d4,1,BTO Post Renovation Cleaning Full Package Group Buy - 34%OFF
Englander Singapore,Bedroom,"Englander Singapore
Where American legacy meets Singaporean comfort. Since 1894, Englander has been crafting sleep systems built on science and trust, and since 1999, we’ve brought that same excellence to Singapore. Our orthopaedic mattresses combine Synergy™ Memory Latex for adaptive pressure relief and Organic Latex for natural, breathable support, giving you the perfect balance of comfort and spine alignment, night after night.",englander.com.sg,+65 8973 8989,https://btogroupbuy.sg/brand/englander-singapore-3c80fca9-2cde-4488-b808-26ef399c4703,1,🏠 BTO 11.11 Trade-In Bundle Mega Sale
Ergoworks,Furniture,"Where Our Story Began.....
Our journey began with a simple goal: to ease back pain.

When our founder bought a new ergonomic chair, he expected comfort—but instead, the chair gave way beneath him. That moment revealed a bigger problem: too many “ergonomic” solutions don’t actually work.

So we set out to change that.

Starting as frustrated users, we partnered with posture experts and doctors to design products that truly support your body. Every item is carefully crafted, tested, and refined to put your comfort and well-being first.

Because we believe everyone deserves to feel better at work and at home.",https://ergoworks.com.sg/?srsltid=AfmBOorTjmlMXQoodx1RzCQDcmcn80u0njLcA8_8e9O5gq3XCY6uZm81, 6596691184,https://btogroupbuy.sg/brand/ergoworks-df01b002-5fc6-4bb4-9539-2aac4240c3e1,3,IMPACT Ergonomic School Bags + Free Tuition Tote Bag enjoy 25% OFF | Ergoworks Impact Kids study set with 20% OFF with min 15 participant | Ergoworks Customise desk or chair with 20% OFF with min 15 participant
F31.sg,Furniture,"Your Number One Online Furniture Store!

We are a dedicated team of furniture provider that provides high quality and premium furnitures with outstanding services.",https://f31.sg/home-base/,+6596696448,https://btogroupbuy.sg/brand/f31.sg-f72bf624-3ec3-4f6d-9874-3cd27d49e5d6,2,F31 BTO Package from $499 | F31 Furniture Sale up to 80%
Fixlaa,Painting,"Fixlaa is your trusted partner for home maintenance in Singapore. We connect you with highly trained and vetted technicians for all your needs — from air‑conditioning servicing to plumbing, electrical repairs, pest control, and more. Every technician on our platform is carefully screened, and we back all work with a 90-day service guarantee, so you can rest easy knowing your home is in good hands. With transparent pricing and easy online booking, Fixlaa makes home repair simple, reliable, and stress-free.",www.fixlaa.com,+65 84125112,https://btogroupbuy.sg/brand/fixlaa-42441869-4c61-4f41-a01c-880340527905,1,BTO New Year sale - Painting
Fornax,Bathroom,"🚀 Ready to Renovate Without Regrets?

Most IDs promise you the lowest price up front… only to hit you later with endless “Variation Orders” that can easily add tens of thousands more to your bill. By the time you realise, you’re already locked in.

At Fornax Interior, we believe your renovation journey should be exciting, transparent, and stress-free—not a guessing game filled with hidden costs. Unlike many IDs who lure homeowners with lowball quotes only to issue endless Variation Orders later, we take a different approach:

✨ Why Homeowners Choose Us:

No Hidden Costs: We don’t play the “cheap first, charge later” game. Our pricing is transparent from Day 1.

Faster Renovations: Our Dual ID Blueprint Process has proven to get you into your dream home sooner, saving you money on rent or temporary stays with your in-laws. (*psst, we usually complete renovation around 6 weeks)

Truly Move-In Ready: Unlike most IDs, we coordinate your furniture & fittings so your home is fully liveable at handover.

🏠 Whether it’s your BTO, resale flat, condo, or landed home, we help you create a space you’ll love—without the stress, without the surprises.

👉 Don’t settle for pretty promises. Renovate smart with Fornax Interior SG—where honesty meets design.

www.fornax.sg",https://www.fornax.sg/,+6598437754,https://btogroupbuy.sg/brand/fornax-b3444f26-ff71-4119-bb03-c18c4d89fe3a,1,Sign up your renovation + FREE Gift worth $1149
GinGko Interior Solutions,Furniture,,gingkosolutions.com,90384333,https://btogroupbuy.sg/brand/gingko-interior-solutions-2d374f1c-0949-4fc3-a2f5-3736e283eea2,2,🔥BTO Whole House Carpentry Package 🔥 | 🔥BTO Aluminium Kitchen Cabinet Promo🔥
Go Digital Lock Pte Ltd,Door & Locks,,godigitallock.com,87828818,https://btogroupbuy.sg/brand/go-digital-lock-pte-ltd-6c48d844-571f-466b-9a67-d1e068540f44,2,Digital Door & Gate Lock Bundle Chinese New Year - 24%OFF | 🔥HDB BTO Digital Lock Package – Gate + Door Bundle🔥
Gong Jiang Interior Contractor,Kitchen,,https://www.facebook.com/share/17uVdoya7q/?mibextid=wwXIfr,+65 8408 5509,https://btogroupbuy.sg/brand/gong-jiang-interior-contractor-57c84d21-e43f-4405-8a73-478293ef0920,2,"🔥HDB Toilet and Kitchen Upgrade Package BTO Group Buy Only $20,800!🔥 | BTO Group Buy Kitchen Cabinets-Direct Factory Price"
Good sleep,Bedroom,Stay healthy with HEPA filtered clean air & a dehumidifier extracting up to 750ml of water. Dehumidifies with a built-in HEPA filter,https://www.google.com/aclk?sa=l&ai=DChsSEwjip9egj9COAxX2mIMHHQUQCtkYACICCAEQABoCZWY&co=1&ase=2&gclid=CjwKCAjw7fzDBhA7EiwAOqJkh1v8TAsGZWdAOncy92XGIXM7DWGMSENa_kzPSjfs45r6UVIZdDYvvRoCLsMQAvD_BwE&category=acrcp_v1_48&sig=AOD64_0GHFYXVmZlmHp54Lah3QstzOfOtQ&q&nis=4&adurl&ved=2ahUKEwjg5NCgj9COAxWJ1wIHHbr4MbAQ0Qx6BAgJEAE,+6586858813,https://btogroupbuy.sg/brand/good-sleep-3f2eba6e-e398-4c9f-85db-013b096f0eaa,3,Cloud Pillow | 12% off Forest 2 in 1 Dehumidifier & Air Purifier  | 12% Off the Signature Mattress
GoodLiving Singapore,Furniture,Home improvement store in Singapore,https://www.goodliving.sg/,+6588784758,https://btogroupbuy.sg/brand/goodliving-singapore-8d365150-0771-4860-aa06-717f48928773,1,5% Off Retail Price
Gyon Design & Build,Bathroom,,btogroupbuy.sg (https://btogroupbuy.sg/),+65 8169 5878,https://btogroupbuy.sg/brand/gyon-design-build-c17e5f60-a35e-4e3b-b630-27360b66e6b0,1,📌 Closed Batch | Acrylic Panel with COB LED + KDK Ventilation Fan BTO Group Buy
Haven Digital Lock,Door & Locks,"Start your BTO journey right with Singapore’s favourite digital lock brand, Haven Digital Lock. Trusted by over 10,000 happy homes and backed by strong 5 star reviews on Google and social platforms, we are known for our reliable service and quality products. We offer a wide range of digital locks for doors and gates, including synchronized bundles that unlock both your gate and door seamlessly. Designed for convenience, security, and modern living, our locks are built to keep your home safe. Never worry about keys again with Haven Digital Lock.",,+6580203028,https://btogroupbuy.sg/brand/haven-digital-lock-71e2e19d-f04a-4fe4-b0c6-19f612d3fb8f,6,BTO Hyundai 2 in 1 Bundle Group Buy - 25%OFF | BTO Hyundai Lock Promo – 20%OFF | BTO Door + Gate Smart Lock Bundle Promo - 18%OFF | Singapore BTO Smart Lock Package – 18%OFF | BTO Group Buy Digital Lock Deal – Gate + Door Bundle $899 | BTO Smart Gate & Door Lock Bundle Promo (Free Installation) 
Haylee Mattress,Bedroom,Quality Mattresses At Affordable Price,https://haylee.sg/the-haylee-mattress?srsltid=AfmBOorWo7m9t07cxGY0QBcGbWkZVKIoXJCXB4weyV7ALrLJq0k3R_JU,+65743188257,https://btogroupbuy.sg/brand/haylee-mattress-c18ecc4a-ad53-40d7-8301-41b50ecd06de,1,6% off mattresses
HERA Bathroom,Bathroom,"Your Trusted Bathroom
Supplier Since 2017

Total Bathroom Concepts
Conveniently, Affordably

HERA Bathroom has come a long way to provide the best of service made possible with our pleasure to share our passion and strength.
HERA Bathroom’s design principle is simple – a reverence for women.

To give women a voice in an area where they seek respite and pamper themselves. Women know bathrooms – that’s why we listen to their needs and aim to exceed their expectations. HERA Bathroom’s products are designed with the busy and modern women in mind; to fit in urban bathrooms of all shapes and sizes with space constraints while catering to their individual lifestyles.",https://www.herabathroom.com/,+6582222978,https://btogroupbuy.sg/brand/hera-bathroom-68e5f793-5135-4d86-a5d7-33f0495beb8b,1,Bathroom System Bundles + installation
HipVan,Furniture,"HipVan is proud to be founded in Singapore. Like you, we’re young adults who care about creating an inspiring home we call our own. The problem of limited furnishing options, high retail mark-ups and low quality products here inspired us to build HipVan in the country we call home.
We try not to take ourselves too seriously (HipVan was launched on April Fools’ Day 2013!) but what we do take seriously is our commitment to help you build the home that inspires you and your loved ones every day. This is what drives HipVan (pun intended)!",https://www.hipvan.com/,6598235583,https://btogroupbuy.sg/brand/hipvan-830f0028-2abd-418e-a37c-88e01b1136ff,3,Save up to $420 on your furniture | Save up to $180 on your furniture | Save up to $720 on your furniture
Home Expo Asia,Renovation & ID,"Home Expo Asia is Singapore's leading vinyl flooring installer and home and renovation solutions provider. We work with the best in the industry, using only the best materials, with zero compromises on quality, design and service delivery.",https://homeexpo.asia/,6587425660,https://btogroupbuy.sg/brand/home-expo-asia-50d08f03-417b-4cc4-9b2b-4e302a13ca1c,4,💥 SUPER PRICE DROP for 6MM Premium Vinyl Floors! 💥 | Vinyl Flooring Exclusive Group Buy Save $1572 | BTO Home Premium Vinyl Flooring Saving $1990 | 6mm Vinyl Floor Saving $1313
House of Shade,Window & Curtain,"Blinds & Curtains That Wow, Every Time.

Here at House of Shade, we provide tailored window solutions with elegance & ease.",https://www.facebook.com/profile.php?id=61575373195631,6588879718,https://btogroupbuy.sg/brand/house-of-shade-f82b1450-b1f6-4eb6-ad87-e94af36216db,3,Ultimate Comfort Window Films only from $7 | Korean Blinds Where Sophistication Meets Function only $9 | Curtains That Complete Your Home Saving $20 per meter
Income Singapore,Other Services,"📸 Keep your home memories intact and enjoy exclusive savings!
Complement your current Fire Insurance with Enhanced Home Insurance to protect your home and its contents1, freeing you from the strain and stress on your finances in unexpected situations like fire. In addition, enjoy complimentary Income's Emergency Home Assistance2 for a peace of mind during home emergencies with 24/7 assistance for plumbing, electrician, locksmith, pest control and air-conditioner repair services via our hotline.


Buy now and receive 30% off + 55,000 STAR$®^ with Enhanced Home Insurance 3-year plan! Simply enter promo code 'HOME30' upon check out to claim the offer.


Promotion is valid from 12 April to 31 December 2025.",https://www.income.com.sg/buy/enhanced-home-insurance?prep=YWdlbnRDb2RlPTUyNzk5NA==,+6596406517,https://btogroupbuy.sg/brand/income-singapore-9bdfd0e4-b492-4165-ade0-fa401881eba1,0,
Invisible Grille Concept,Window & Curtain,"Invisible Grille Concept
Established in Singapore October 2009 to introduce a new solution of window and balcony safety grilles with the latest concept called “Invisible Grille”. IGC pride ourselves as one of the pioneering invisible grille provider in Singapore.",https://igc.sg/,6566111333,https://btogroupbuy.sg/brand/invisible-grille-concept-da899ed1-6c66-4b7f-833c-a5b5e7b4e874,1,Invisible Grilles for BTOs Exclusive 10%OFF
Jestac - Home Solution Provider,Other Services,Offers repair services,https://www.jestac.com/,+6562888290,https://btogroupbuy.sg/brand/jestac--home-solution-provider-117a1b58-fe5d-4d46-96a3-8be8bd333b0a,0,
Jia le curtains and blinds,Window & Curtain,Window treatment store in Singapore,https://www.jialetextile.sg/,+6562817211,https://btogroupbuy.sg/brand/jia-le-curtains-and-blinds-3d25d5f8-1b82-445f-a98d-146b544778c2,4,$50 OFF JLT Window Blinds | $50 OFF JLT PanoramaGuard (Invisible Grilles) | 20% OFF JLT Smart (Motorised) Curtains | $50 OFF JLT Day & Night Curtains
JL Aircon Service,Aircon Installation,"JL AIRCOND PTE LTD is a trusted air conditioning company in Singapore, providing installation, servicing, and maintenance for residential, commercial, and industrial clients. Since 2020, we’ve been committed to delivering reliable and affordable cooling solutions tailored to our customers’ needs.

",https://jlaircond.com.sg/,+65 8796 7538,https://btogroupbuy.sg/brand/jl-aircon-service-c5777f71-900f-430c-805a-448216d6db51,6,Aircon Installation - Mitsubishi Stamex | Aircon Relocation — From $3xx | Aircon Chemical Overhaul — From $120 | Aircon Servicing — From $50 Only | Cassette Aircon Installation (Daikin & Mitsubishi) — From $3xxx | Aircon Installation + FREE UPGRADE MATERIAL
King of Formaldehyde,Formaldehyde Removal,"We’ll help you remove those harmful &
cancerous chemical odours",https://kingformaldehyde.sg/,+6587883388,https://btogroupbuy.sg/brand/king-of-formaldehyde-946f0b64-a743-4a49-94c0-8c100dfa0137,2,Condo - Formaldehyde removal  | HDB/BTO - Formaldehyde removal 
King of KTV - K歌之王,Home & Living,,Www.kingofktv.com,+6583619871,https://btogroupbuy.sg/brand/king-of-ktv--k歌之王-7cf8f3aa-54c5-48c7-9a62-378ff4a5d607,2,JazPiper Karaoke Group Buy Singapore - BTO Group Buy | Home Karaoke System Singapore Deal - BTO Group Buy
KKPL,Kitchen,Kitchen furniture store in Singapore,kkpl.com.sg,+6597222699,https://btogroupbuy.sg/brand/kkpl-52cb04e7-b4e3-4b69-8ec6-1d8178832373,1, 10% Off KKPL Kitchen Solutions
KLEANCOSG PTE LTD,Cleaning Services,"At KleanCo, we believe that a clean space is a better space — for living, working, and thriving. Our team of specialised and professionally trained cleaners is committed to delivering the highest standards of cleanliness and hygiene across every project we take on. Whether it’s residential units, commercial offices, or industrial facilities, we approach every job with precision, care, and attention to detail. We don’t just clean — we elevate your environment, ensuring every corner sparkles and every surface shines. Backed by a strong service ethic, proven methods, and top-grade equipment, KleanCo is your trusted one-stop solution for all your cleaning needs.",www.kleancosg.com,+65 8462 3569,https://btogroupbuy.sg/brand/kleancosg-pte-ltd-06c0aee9-ed3d-41c6-a0ea-12e7bddf8155,1,Post Renovation Cleaning enjoy 10% off
KMAC Singapore,Cleaning Services,House cleaning service in Singapore,https://kmac.com.sg/,+6569093822,https://btogroupbuy.sg/brand/kmac-singapore-60732633-1b08-4792-8a20-4a5768e49eac,1,Post Renovation Detailed Cleaning Service Package
Levels (Vhive),Furniture,We offer assembly services and our fixers have more than a decade of experience with our products.,https://levels.sg/?srsltid=AfmBOop4_KiGh3K_LbJpXAEyHBcZeOEYptKd7--hR6kOcCvTQ9lV1eYJ,+6584900084,https://btogroupbuy.sg/brand/levels-(vhive)-992b04c4-13eb-42f1-accd-2579a5ae0124,1,5% OFF Tailored Storage & Furniture – 100% Customizable
Life by City Energy,Bathroom,Energise your daily living with our lower-carbon solutions.,https://www.cityenergylife.com.sg/,+6581695878,https://btogroupbuy.sg/brand/life-by-city-energy-b0a4df6f-70a5-465a-9632-9b37062478ce,1,🔥Best Gas Heater for BTO Singapore – $550 Group Buy Deal🔥
Light Avenue, Lighting and Fans ,"Light Avenue is dedicated to providing excellent customer service, we believe in building trust and creating long-lasting relationship with our customers. 

We offer a wide range of selection for lighting fixtures, sanitary wares, kitchen accessories and ceiling fans for home residences. Every piece of product go through a stringent check to ensure that we will only provide safe to use and reliable products to our customers.

 At Light Avenue, we are committed to giving our customers an exceptional customer service experience, a wide range of quality products at a reasonable price.",http://www.lightavenuesg.com/,+65  9621 3772,https://btogroupbuy.sg/brand/light-avenue-c9f2c144-6f62-4286-a484-7d1564d4f01c,2,🔥Point One Cyclone Fan Promo BTO Group Buy - 15%off🔥 | 🔥DC Ceiling Fan BTO Group Buy 🔥
Loft Home,Furniture,"Loft Home
Established since 2017, Loft Home is a Singapore GST registered company. We specialize in retail and wholesale of furniture, decorations, and other household equipments. 

We believe good furniture should have practical designs, excellent craftsmanship, unique styles and affordable prices. That’s all, nothing more. There shouldn't be an opulent and expensive shopfront that serves as unnecessary costs.",https://lofthome.com/,+6590903693,https://btogroupbuy.sg/brand/loft-home-91c8b70a-f03b-42ad-9364-d0e042db3de2,1,Loft Home Bundle Deals enjoy $60 OFF
M&L,Window & Curtain,"Since 1997, we’ve been a trusted name in the curtain and blind industry, specializing in custom-made curtains, motorized systems, wall coverings, carpets, and upholstery. Our expertise spans a variety of window treatments, including roller blinds, combi blinds, and honeycomb blinds, with a deep understanding of both manual and motorized solutions.

Our business thrives on referrals from interior designers, architects, contractors, property agents, and satisfied clients, who trust us for our exceptional service, product knowledge, and diverse offerings.

We stay ahead by updating clients on the latest trends in interior furnishings, ensuring stylish and functional solutions. As a comprehensive furnishing provider, we solve challenges in window, wall, and floor treatments, delivering excellence every step of the way.",,6590085008,https://btogroupbuy.sg/brand/ml-3221d4cc-9681-4d9e-a867-62659c248b3a,1,BTO Customade Shaping Curtain enjoy 10% OFF
Magnetite singapore,Window & Curtain,"Double glazing installer in Singapore
",https://magnetite.com.sg/,+6568714898,https://btogroupbuy.sg/brand/magnetite-singapore-4e713ea7-acba-43e5-bf92-3cbda9ddded1,1,Get 150 SGD off your order and receive a FREE gift upon sign-up!
Mega Furniture,Bedroom,"Shop Quality Furniture in Singapore – Megafurniture.sg

Welcome to Megafurniture.sg, your one-stop destination for stylish, affordable, and quality furniture in Singapore. Discover an extensive range of furniture to enhance every room in your home, including sofas, beds, dining tables, storage solutions, and more. At Megafurniture, we combine modern designs with durable craftsmanship, offering products that suit any style, from contemporary to classic. Enjoy a seamless online shopping experience with fast delivery and exceptional customer service. Transform your space with Megafurniture.sg – where comfort meets elegance at unbeatable prices. Shop now and bring your dream home to life!",https://megafurniture.sg/,6594380847,https://btogroupbuy.sg/brand/mega-furniture-c9cbc6ce-9e49-47ae-a2d0-7ae941826b64,5,Somnuz Premium Collection Mattress 10% OFF | BTO Premium Coffee Table enjoy 10% OFF | Mega Furniture Mattress enjoy $300 OFF | Premium Dining Table enjoy 10% OFF | Fabric & Leather Sofa enjoy 10% OFF
Meide,Cleaning Services,"🧹❄️👶 New BTO Homeowners, This One’s For You!

Just got your keys and busy settling in? Don’t stress over housework, babysitting, or even your aircon servicing — MEIDE.SG is here to lighten your load with exclusive BTO promotions!

From sparkling clean homes, to caring babysitters, to smooth-running aircons — MEIDE.SG provides reliable, professional, and affordable services trusted by thousands of Singapore families.

Here’s what you’ll enjoy as a BTO owner:
✨ Aircon Servicing – 10% OFF all services
✨ Babysitting – 18% OFF all services
✨ Cleaning – FREE 1 hour with every booking

Because moving into your dream home should be stress-free, not back-breaking.

👉 Use Promo Code: #BTOGB-MEIDE when booking.",https://meide.sg/,6585958579,https://btogroupbuy.sg/brand/meide-6787685c-327e-4b4c-9bf3-3dfccf592662,3,Babysitting 18% OFF all services | Aircon Servicing all 10% OFF | Home Cleaning & Babysitting enjoy 18% Off
Meow Meow Cat Mash,Pets Care,"🐾 Meow Meow Mesh

Pamper your furry friends with premium, stylish, and durable pet essentials! From cozy beds to playful accessories, Meow Meow Mesh is all about comfort, quality, and happy cats.",https://meowmeowmesh.sg/,+6588338100,https://btogroupbuy.sg/brand/meow-meow-cat-mash-05e98d50-8517-4b92-930b-b4db53baeffd,1,🐾 Meow Meow Mesh – GroupBuy Exclusive
Miya Singapore,Water,"Discover pure water perfection with MIYA Ultrafiltration System!
 
Unlock exclusive discounts beyond our promotional prices. SCAN OUR QR CODE to dive into savings today. 
Visit our website at https://miyasg.com or WhatsApp us now for more details!",https://miyasg.com/,+6582232999,https://btogroupbuy.sg/brand/miya-singapore-7b5072c5-910f-4568-a8e9-7699c59cecdb,1,Water Filtration System only at $198
Moriguard,Window & Curtain,"👉🏻 BTO groupbuy discount
- 10 buyers 10%
- 20 buyers 20%

Looking for a way to secure your home and enjoy natural ventilation? ✨

Moriguard’s Insect and Safety Mesh gives you dual protection without compromising on style. 

What you get: 

🔐 Safety Mesh 
- 304 Stainless Steel
- Locakable frames

🦟 Insect Mesh 
- Good quality polyester mesh 
- Blocks out mozzies and flying pest 

✔️ Free on-site measurement & consultation. Book here: https://www.moriguard.sg/pages/schedule-your-appointment

🔎 Learn more: https://www.moriguard.sg/",https://www.moriguard.sg/,6596188655,https://btogroupbuy.sg/brand/moriguard-895c5507-7607-40e8-b483-fb9b1fa0a2f1,1,Moriguard’s Insect and Safety Mesh 20% OFF
MyRepublic,Other Services,#1 Fibre Broadband Provider in SG. Official Dealer,https://myrepublic.net/sg/,+6596970965,https://btogroupbuy.sg/brand/myrepublic-cc47561c-b871-4025-8453-10ec37bd8ec5,2,3 Months FREE + RM600 Router Voucher | 3 Months FREE + Hyperspeed 10Gbps
Nouvelle Workz,Full House Renovation,"Nouvelle Workz specialize in Metallic Epoxy and Decorative Wall Panels. These materials can directly overlayed on any surfaces for commercial and residential use. We are also well known for our exquisite and tasteful renovation projects. Together as a team, we produce high quality and cost effective solutions to customers. Nouevelle Workz offers customized designs for flooring, walls, carpentry, electrical works, plumbing work, partition, false ceiling, plastering, etc. We are direct contractor and offer competitive prices to suit customers’ budget.", nouvelleworkz.com,+65 9109 8102,https://btogroupbuy.sg/brand/nouvelle-workz-0a0ceb1f-a44d-49ab-93f6-a81740c6565f,7,"Renovation Floor and Door Protection Singapore BTO Group Buy  | Renovation Haulage Service Singapore BTO Group Buy  | Cheap Renovation Service Singapore BTO Group Buy from $50🔥 | ✨Marble Acrylic Panel + LED Ceiling Panel BTO Group Buy✨ |  🔥5in1 Renovation Package of Kitchen, Bathrooms & Painting 🔥 | 🔥Reno For Living Room & Bedroom - Limited Solts🔥 | 🔥 BTO / RENO GROUP BUY DEAL – LIMITED SLOTS!🔥"
Nova Furnishing,Furniture,"Making life better 
one home at a time.

Since 2002, we've done our best to make buying furniture easy, stress- and hassle-free. In addition to a wide selection of affordable furniture, we also make customising easy—so that you always get exactly what you want.

We believe that good furniture works for you.
We can make what you need with your life in mind and come up with something truly, uniquely your own. Best of all, we do it affordably, so no one’s ever discouraged from getting the right colour, material, fit, finish, or feature to create even more comfort for your home and in life.",https://www.novafurnishing.com/,6597165430,https://btogroupbuy.sg/brand/nova-furnishing-e64ed14c-326e-4574-837c-c55d2a895543,3,10in1 BTO Furniture Set | 9in1 BTO Home Package | Nova 8in1 Home Package
Novas Singapore,Window & Curtain,"Our vision extends beyond merely being the largest in the industry; instead, we aim to be the epitome of excellence. We aspire to be the leading product developers and service providers in our field. Our driving force is rooted in a deep commitment to doing what is right for our business, our customers, and our planet. We understand the importance of making responsible decisions that have a positive impact today and for future generations. We strive to develop and offer innovative lifestyle products and appliances at an unprecedented price point.",www.novas.sg,+6590663201,https://btogroupbuy.sg/brand/novas-singapore-aa354668-cc06-408f-b8d5-f8d56118fe07,2,"BEST SELLER BTO Window Mesh Promo – Full House from $1,299 | 🔥 BTO Window Upgrade PROMO – Whole House from ONLY $1,009🔥"
Oculus collective,Door & Locks,Door shop in Singapore,https://www.google.com/aclk?sa=l&ai=DChsSEwjUjsC38tGOAxXtgIMHHWtyHIYYACICCAEQABoCZWY&co=1&ase=2&gclid=CjwKCAjw7fzDBhA7EiwAOqJkh6VpRYT-QPBkg6DeEPMX5g4M4sAftIJ7T4Jm4bWIqMJi4qjhtT-XwRoCLf8QAvD_BwE&category=acrcp_v1_48&sig=AOD64_0amQVHlW-DAKvzvyhgw5ihyVxgjQ&q&nis=4&adurl&ved=2ahUKEwjw4bq38tGOAxXdyAIHHWvSDDkQ0Qx6BAgXEAE,+6583053581,https://btogroupbuy.sg/brand/oculus-collective-c34724a7-10c7-4700-be4a-01252920fffa,2,10% Off Eclipsed Glass Concealed Casement Door | 10% Off Eclipsed Sliding Door with Pulley System 
One Two One,Furniture,"Welcome to One Two One
Where Quality meets affordability

At One Two One, we’re dedicated to delivering high-quality furniture at prices that make sense.

Our collections are designed in Australia and Italy, tailored specially to suit the lifestyle and homes of Singapore.

From sleek Italian minimalism to relaxed Australian contemporary living, every piece reflects thoughtful design made for comfort, style, and everyday practicality.


Join us as we bring our exquisite collections to Singapore and beyond.",https://121.com.sg/,6580121688,https://btogroupbuy.sg/brand/one-two-one-21925fff-01d5-48f1-b47e-e2bc286a7ea9,4, ✨Solid Wood Dining Set Up to 22% OFF + Additional $100 First Purchase  | ✨Premium Armchair Up to $150 OFF + Additional $100 First Purchase | ✨Solid wood Dining Chair Up to 22% OFF + Additional $100 First Purchase (Minimum spend $1000) | ✨Premium Sofa Up to 21% OFF + Additional $100 First Purchase
Pacco Pte Ltd,Window & Curtain,Pacco Pte Ltd establishes itself as a trusted plastic sheets solutions provider.,https://pacco.com.sg/,+6565470208,https://btogroupbuy.sg/brand/pacco-pte-ltd-38935b6b-1b51-4112-a8c9-0a2dc559be22,4,Pacco Interior Films - Laminate Door Wrap | Pacco Green Series Window Film | Pacco Safety Films | Pacco Chill Series Window Film
Paintland Construction,Painting,"Painting.com.sg is founded by Paintland in 2012 to provide professional painting services in Singapore. In Singapore, painters are generally not seen as a professional trade and the only thing that really closes a deal is giving low ball pricing . Thus, in order to survive and get new jobs, painters start to develop a way to counter this by using low quality paint and use illegal workers to bring down the cost for the job. This is something we at Paintland, wants to change. We believe that in the million of homes in Singapore, there will be home owners who wants quality paint with experienced painters at reasonable pricing. Our biggest mission is to make painting services a professional work and allow home owners who wants a good paint job a avenue to find professionals easily in Singapore. Providing 4 main painting services locally has built us a reputation of using good quality paint from various paint manufacturers in Singapore and also allow us to attract and retain experienced and professional painting team that have at least 10 years experience doing painting on a daily basic. The 4 main services we provide are Interior Painting Services, Exterior Painting Services, Epoxy Painting Services and Textured wall & Lime wash Painting Services. These 4 main services covers the bulk of painting services we provide in Singapore and we strike to be the painting company that home owners will love and support in years to come. ",Www.painting.com.sg ,+659843 3982,https://btogroupbuy.sg/brand/paintland-construction-e2054a7f-ac6d-44c6-8e70-1574241080b5,1,HDB Painting BTO Group Buy Special Promotion 28%OFF 🔥
Pillar Projects,Renovation & ID,"Pillar Projects
Three Pillars, One Vision.

Interior Design & Build — Residential | Commercial | F&B
At Pillar Projects, we design with you, not just for you.
Every home tells a story — our role is to translate your ideas into a space that feels personal, functional, and uniquely yours.
With our in-house design-build team, we deliver concept-driven designs, reliable workmanship, and transparent project management from consultation to handover.

Our Core Pillars:
🧱 Design Excellence — Concept-driven, material-accurate, client-aligned.
🔧 Quality Build — Skilled craftsmanship, precise detailing, reliable partners.
📅 Project Assurance — Transparent costing, clear timelines, accountability.

",https://www.pillarprojects.sg/,6580442510,https://btogroupbuy.sg/brand/pillar-projects-5fbfef05-8168-499b-8a50-9d88a7b815f4,3,✨ Exclusive Material Experience Pass — Feel Your Home Before It’s Built | 🏠 Free Home Consultation — Lock In Your Design Slot | $500 Design Credit for Your New Home Renovation — Limited Slots!
Prime Defectors,Defect Checking,"Why Choose Prime Defectors
 Certified Inspectors

Our team is trained and certified to spot even the smallest defects, giving you confidence that nothing is overlooked.



 Detailed Reports

We provide clear, photo-supported defect reports that make it easy to highlight issues to your developer or contractor.



 Transparent Pricing

No hidden fees — our packages are straightforward and affordable, so you know exactly what you’re paying for.



 Friendly Support

From booking to inspection day, our team is approachable, responsive, and ready to guide you through the process.",https://primedefectors.com/,+6580274216,https://btogroupbuy.sg/brand/prime-defectors-3938a9b0-fe87-4851-bf68-14283d0eda35,2,Condo Defect Check enjoy 35% OFF | BTO Defect Check enjoy 35% OFF
ProFurnishing Pte Ltd,Renovation & ID,"At ProFurnishing Pte Ltd (ProF), we believe in the perfect combination of quality, style, and value. What sets us apart is our commitment to customer satisfaction. We ensuring that our clients receive not only exceptional products/services but a memorable experience every time. We work closely with you to understand your needs, providing expert advice and ensuring a seamless installation experience. Whether you’re remodelling a single room or designing a large-scale project, we’ve got you covered with professional, reliable service from start to finish.",Profurnishing.com.sg,+65 80883897,https://btogroupbuy.sg/brand/profurnishing-pte-ltd-461dbaf9-2bb8-4e36-9cfb-20fa75fed49d,4,🔥HDB China Fabric Wallpaper Package BTO Group Buy - Saving $50🔥 | 🔥HDB Korean wallpaper package BTO Group Buy - Saving $50🔥 | 🔥Interior Digital Art Printing Design Wallpaper BTO Group Buy - Saving $50🔥 | 🔥Vinyl Flooring Promo Package BTO Group Buy - Saving $100🔥
Reno Tender,Renovation & ID,"In RenoTender we are
home and property owners too.

Yes, everyone in RenoTender are home and property owners ourselves. We know the pain of going through the time consuming renovation process of comparing and selecting suitable ID. So we bring our ID trading partners along with their bids for your projects for you to do apple to apple comparisons at the comforts of your home.",https://www.renotender.com.sg/,6588621762,https://btogroupbuy.sg/brand/reno-tender-34d4f290-72f0-455d-9277-d876b3b8bd06,3,Renovation idea with Reno Tender | 🤖 Smarter Renovations Powered by AI | 🏢 Transform Your Business Space with RenoTender!
Reroom,Bedroom,We provide a range of modular cabinetry that can be mix and match into many combinations that will suit your home with just a few clicks. Try it out using our drag and drop tool on our website or select from our collection of pre-design sets.,https://reroom.com.sg/,6582187686,https://btogroupbuy.sg/brand/reroom-86ec1311-4745-487f-8b64-59793b8155ef,3,Vertical/Queen Wall Bed SAVING $200 | Vertical/Super Single Wall Bed SAVING $200 | Vertical/Single Wall Bed SAVING $200
Ristoire,Window & Curtain,"At Ristoire, our story began with a simple but important mission: to create safer, more comfortable homes for families in Singapore. Inspired by a personal need—my partner’s fear of lizards—we discovered a gap in the market. A trip to Korea revealed innovative retractable window meshes, and later, dual-function mesh-blind systems that allow airflow and blackout control. We brought these high-quality, bespoke solutions to Singapore to elevate urban family living.",https://ristoire.com,8878 4383,https://btogroupbuy.sg/brand/ristoire-3d6e54a6-070d-4102-b2b4-55831a793ec2,2,BTO Retractable Pet-friendly Mesh Group Buy - 5% OFF | BTO Retractable Insect Mesh Group Buy - 5% OFF
Rozel Furnishing,Furniture,"Rozel is proud to be founded in Singapore. Like you, we’re a bunch of enterprising entrepreneurs who care about creating an inspiring home we call our own. 

 The problem of limited furnishing options, expensive low-quality products here inspired us to build Rozel for our fellow countrymen.",https://www.rozelfurnishing.com.sg/,6597165430,https://btogroupbuy.sg/brand/rozel-furnishing-cc9dcb8c-a95f-4f5c-81b9-d4df37d68067,3,🔥Best Seller Package Saving $4199🔥 | BTO Furniture Full Package Saving $1900 | Rozel BTO Package Saving $1889
Secret Furnishing,Window & Curtain,"Secret Furnishing journey started as Specialists in Curtains and Blinds with over 10 years in the business with the aim of creating cozy homes with the foundation of TRUST built with their clients, eliminating frustrations of hidden costs with TRANSPARENCY and competitive price in the industry. Driven to provide the BEST VALUE with the three value pillars centering around: Exceeding Customer Satisfaction, Transparent Pricing, and Professionalism ensuring a refined and lasting experience.",https://secretfurnishing.co/,6584488973,https://btogroupbuy.sg/brand/secret-furnishing-3322afef-8379-408e-9088-b28c5db68b4a,6,Balcony Fixed Invisible Grilles BTO Group Buy  | Premium Wallpaper BTO Group Buy Packag  | Motorised Zip Track Blinds + Free LED Upgrade BTO Group Buy | HDB Yard Zip Track Blinds  BTO Group Buy Package | HDB Invisible Grilles BTO Group Buy Promo – From $750 Nett | Bundle Deal Curtains & Blinds from $780
SG Clean,Cleaning Services,"Professional, Quality Cleaning",https://sg-clean.info/,+6581006527,https://btogroupbuy.sg/brand/sg-clean-4804d3ef-c192-42f9-a804-bd8f2b7f7a4a,3,5% discount on all services | 5% discount on all items | 5% Off BTO GroupBuy Prices + Sterra Gifts for selected packages
SG DefectScan,Defect Checking,We have also established to be the best in the industry when it comes to eye for details and service excellence. ,https://www.sgdefectscan.com/,+6587766987,https://btogroupbuy.sg/brand/sg-defectscan-05ebb54f-39bd-4a65-8621-e4ba00a20a65,0,
ShadeSpace,Window & Curtain,Blinds shop in Singapore,https://shadespace.com.sg/,+6586858847,https://btogroupbuy.sg/brand/shadespace-6f84af4a-1d3c-41ab-80b1-bc89085cee7a,1,$899 BTO ZipBlind Package
Sinewy SG,Furniture,Ladder provider,https://www.lazada.sg/shop/sinewy-sg,+6582545470,https://btogroupbuy.sg/brand/sinewy-sg-edd3b235-13ac-459f-8b8d-01705f43187e,1,Step Ladder Lightweight Compact Safety Certified [2 / 3 / 4 Steps available]
Singapore Carpentry,Door & Locks,"At Singapore Carpentry, we focus on designing and building beautiful interior and facade of houses at the most affordable rate. Having rich experiences in bespoke furniture and cabinets, Singapore Carpentry is able to produce products that are at once timeless and impressive. Singapore Carpentry uses a “design-and-build” concept; our experienced designers will work hand-in-hand with you to design entities precisely tailored to your requirements for multi-facetted living, meeting our modern days living needs. Bearing in mind our mission of providing quality carpentry at affordable price, we seek to retain the maximum values to our esteemed customers.
",www.carpentry.sg,+6581695878,https://btogroupbuy.sg/brand/singapore-carpentry-f185ba80-0f7a-4aed-bdc7-fdc23d5b78b3,1,Ultra-Modern Sleek Glass Door Promo BTO Group Buy
SingaporeBathtubs,Bathroom,"At SingaporeBathtubs, we like to think every home has a bathtub destined for it. The perfect size, the perfect look and the perfect feel.
Matchmaking just happens to be our job",https://www.singaporebathtubs.com/,6594772664,https://btogroupbuy.sg/brand/singaporebathtubs-f01b383b-7434-4cfc-93ff-d5e8e5e42311,1,Bathtubs $600 OFF +  FREE Bath Bomb Set
SkiesLink Engineering Pte Ltd, Lighting and Fans ,"💡 Looking to brighten up your home without breaking the bank? Ceiling light installation doesn't have to cost a bomb.

At Skies Link Engineering Singapore, we’re a trusted one-stop provider for residential electrical services—including lighting installation, electrical wiring, repairs, and more 

Since 2009, we've powered countless residential and commercial projects with licensed electricians delivering quality and compliance

From now, enjoy ceiling light installation from only $12 per unit—a budget-friendly rate that lights up your home affordably.

Professional, prompt service

Reliable workmanship by licensed electricians

Covers full setup, wiring, and testing

The quality you expect, at a price you'll love

🔆 Ready to flip the switch on stylish, safe lighting? WhatsApp us or visit our website today to get started with your ceiling light installation from $12. Brighten up your BTO, resale, or office space without lifting a finger!",https://www.skieslink.com.sg/,659850 5849,https://btogroupbuy.sg/brand/skieslink-engineering-pte-ltd-f99f2e90-431e-4ac8-a5dd-6a3475fe57d7,3,Supply & Install Heater Point / Oven Point / Microwave / Water Heater / Dishwasher from $105 | Supply Sensor - Wardrobe Sensor from $95 | Installation of Ceiling Light from $12
Smart Home Elements Pte Ltd,Bathroom,Interior construction contractor in Singapore,https://www.smart-home.com.sg/,81695878,https://btogroupbuy.sg/brand/smart-home-elements-pte-ltd-241b3ac8-5f0d-42b4-b5c9-032421ff66ce,2,📌 Closed Deal | Supply & Install – KDK Fan + Laminated Frosted Glass | 📌 Closed Deal | Acrylic Ceiling Panels + Lighting
Softhome,Window & Curtain,"About Softhome

What Makes softhome Different?
We are a vibrant company with a dedicated team of professionals who can provide you with the right solutions for your furnishings needs, according to your budget. 

From enquiry to quotation and bespoke recommendation to installation, we are here to support you every step of the way with our friendly and prompt customer service, so you can sit back, relax and enjoy the completed interior!",https://www.softhome.sg/,+6592219632,https://btogroupbuy.sg/brand/softhome-233d3c38-da1d-4b67-88a6-6a3278066775,1,10% Less for BTO Curtains /  Blinds wallpaper or solar films
Sol Luminaire, Lighting and Fans ,"Sol Luminaire® is an innovative lighting establishment in Singapore that adopts the element of light in the field of space planning and design. We’re pleased to introduce AEON®, our in-house brand of creative lighting solutions that we design and manufacture to integrate into residential and commercial spaces across South East Asia.

Sol Luminaire® seeks to engineer lights that combine innovation, form and function. Expressing the modularity of our lights through the technical design process, we factor in considerations such as the selection of light sources, materials and heat sink capacity, alongside up-to-date technology.

Since the birth of Sol Luminaire®, we have adopted a sustainable approach through the use of Chip-on-board (COB) LEDs. The performance of our Mini series emphasises on scale reduction, low Unified Glare Rating (UGR), Dim to Warm technology and the flexibility of adjustable beam angles.

Sol Luminaire® 
the LAB2.1
Galerie 5
Rooms by Sol Luminaire®

Terms & Conditions:

The promotion is valid from 01 Jul 2025 until 31 Sep 2025.

The promotion is valid for 1 month from Date of Appointment

The promotion applies to a single transaction only.

The promotion is subject to availability and may be changed, modified, or terminated at any time at the discretion of the company.

Sol Luminaire® is not responsible for any loss or damage incurred as a result of participation in or acceptance of the promotion.

Register below to join the Others group buy—no payment needed at this time!
Sign up below to join Public group buy (no payment required at this stage).",https://solluminaire.com.sg/,+6583803433,https://btogroupbuy.sg/brand/sol-luminaire-ae9e727c-5039-4ab7-9fa8-dc167f7220a4,1,10% off all AEON products
Stand By Area,Defect Checking,"Ready to move into your dream home? Let SBA do all the work for you. We check, You relax 😌",https://www.instagram.com/standbyarea/,+6580580354,https://btogroupbuy.sg/brand/stand-by-area-db11ad2e-e9bd-4f3f-9e24-563095bed977,1,Defect Inspection from $125
Starhub,Other Services,,,83365504,https://btogroupbuy.sg/brand/starhub-df2305ca-917c-4f0b-9839-42af75728fcf,1,Ultra Speed 3Gbps SAVING $50  Voucher
STEELFRAME,Bedroom,Artisan fittings & fluid integrated systems tailored made for your closet to suit your taste and functional requirements.,https://www.steelframe.sg/,+6596636864,https://btogroupbuy.sg/brand/steelframe-561bf38c-cb98-4adf-b5c5-98b2f62abbbe,1,10% Off + Complimentary Cut to Size Service
Sunday Bedding,Bedroom,"We deliver the softest, most comfortable bedding",https://sundaybedding.com/?srsltid=AfmBOoq_EeMG2bEa6LWprFqgaKnOqixvqVbJ4YAoCZG150sKIuVisro_,+6586615821,https://btogroupbuy.sg/brand/sunday-bedding-2598c255-1884-468b-bce9-fe0893a3fbde,1,6% off all regular priced Sunday Bedding products
SureClean,Cleaning Services,"About Us SureClean

Sureclean®️ is a leading professional cleaning service company that is dedicated to providing excellent customer service and complete satisfaction to all our clients. Our team of experienced professionals is passionate about providing the best service possible and it shows in the numerous 5-star reviews we have on social media. We believe that our clients’ happiness is the key to our success, and we go above and beyond to ensure that all of our clients are completely satisfied with our services and have a Sureclean Experience.

We are proud to champion our Sureclean Happiness Guarantee which ensures that our clients are completely satisfied with our cleaning services Singapore or we will make it right. We use the latest and most efficient methods, combining them with top-of-the-line equipment and eco-friendly products to ensure that your space is spotless and hygienic. Trust Sureclean®️ for all your cleaning needs and experience the difference in a 5 Star customer service and have a peace of mind that comes with our Sureclean Happiness Guarantee.",https://sureclean.com.sg/,+6569839523,https://btogroupbuy.sg/brand/sureclean-12df3c60-bf56-46b6-80d8-0fec87130506,1,25% OFF for Post-Renovation Cleaning
SweetDreams,Bedroom,"🛏️ Sleep smarter, live better!

Say goodbye to sleepless nights with Sweet Dreams Furniture’s game-changing Clover Adjustable Bed Frame — featuring 4-motor support, head tilt, and extra lumbar relief for the best sleep of your life. 😴✨

✨ Need space? We’ve got you covered with our Hydraulic Storage Bedframe — lift with ease and store it all! Also available with side drawers!
Pair it with the Gausmann Mattress — German pocket spring tech and cooling fabric = next-level comfort. 🇩🇪❄️
📍Visit the showroom & experience the difference:
Sweet Dreams Furniture
12 Little Road #05-01, Lian Cheong Industrial Building, Singapore 536986",https://www.sweetdreams.sg/,6591193786,https://btogroupbuy.sg/brand/sweetdreams-8b5bf90f-f1cd-444b-b8a4-6156b23f6f0a,2,Exclusive Buy Mattress Free Storage Bed Frame | Mattress & Bed Frame Bundle Deal | Hilker Luxury Mattress | 20% Store PROMO + EXTRA 10% OFF FOR BTO GROUP BUY! | 10-Yr 1-to-1 Guarantee 🚨
The Curtain Boutique,Window & Curtain,The Curtain Boutique has helped fit window furnishing and outdoor balcony solutions to over tens and thousands of Singaporean homes islandwide.,https://www.tcb.com.sg/,+6581695878,https://btogroupbuy.sg/brand/the-curtain-boutique-82569097-4d7c-46e1-b732-5736ec500d1d,2,10% OFF Authentic Ziptrak® Blinds | 15% OFF Indoor Blinds
The Curtains Design,Window & Curtain,The Curtains Design offers professional with excellent customer service and delicate workmanship to our valuable customers.,https://www.facebook.com/thecurtainsdesign,+659145 8366,https://btogroupbuy.sg/brand/the-curtains-design-dceda7f5-db80-4195-a490-1d4a6b95a9cb,1,The Curtains & Blinds BTO Group Buy -🔥50%off🔥
The Defect Guys Pte Ltd,Defect Checking,"We are defect specialists and we are trained to detect them in your new home. Our inspectors have a keen eye for construction flaws, from minor imperfections like uneven flooring to more serious issues like water leaks or cracks in walls. We'll ensure your new home meets the highest standards so you can avoid costly repairs down the road.Moving into a new house should be exciting, not stressful. But construction defects lurk beneath the surface, and can be hard to detect with the untrained eye. Every house has a defect liability period (DLP), where your developers are liable to rectify them. In addition, this has to be done before any renovation work commences, and it is important to rectify them in this time frame. That's where we come in. Our team of experienced defect specialists have a keen eye for catching them before they become problems. Don't let hidden issues turn your dream home into a nightmare. Contact us today for a comprehensive defect check! The thrill of buying a new home can quickly turn into worry if defects go unnoticed. We have been in the construction industry, giving us an intimate understanding of common defects and potential problem areas. Our inspectors are well-trained and have a hawk-eye for detail to inspect your new home. This isn’t just about checking boxes. It is a commitment to uncovering potential issues that the untrained eye might simply overlook. They understand the subtle signs that can indicate underlying problems, saving you a significant headache.",https://www.thedefectguys.com/,81100729,https://btogroupbuy.sg/brand/the-defect-guys-pte-ltd-9b22ffb6-4fab-49ff-a46a-2a77f11083a1,2,BTO unlimited defect inspection + report from  98 | Condo unlimited defect inspection + report from 128 
The Laundry Valet,Cleaning Services,"Your Time is a Luxury. Your Laundry Service Should Be, Too.",https://www.thelaundryvaletsg.com/,+6580811479,https://btogroupbuy.sg/brand/the-laundry-valet-ebf7c25d-ad70-42a1-952d-6a71d1579150,6,Beddings $40 - $360 | Curtains  $100 - $970 | Iron Only  $40 - $300 | Load Washes (Fold/ Iron)  $40 - $500 | Dry Cleaning  $30 - $500 | Group Buy @ $25
The Table Guy,Furniture,Customisable Live Edge Wood Slab Tables,https://tableguy.sg/?srsltid=AfmBOoq9B-K5AQOYRmyN07o_qSLU0G6JzNJXWEABngkgy62WbzrzZfcL,+6584998989,https://btogroupbuy.sg/brand/the-table-guy-69ea57c5-2014-4321-bc28-9f3334cf9e30,4,10% off The DreamDesk | 10% off Atlas Shelf | 10% off TV Console | 10% off Dining Tables
Three Cubes Singapore,Other Services,"About Us
Since our establishment in 2012, we've evolved into a trusted leader in smart lighting & home automation solutions, enriching the lives of countless homeowners, tenants, and retailers.

Representing renowned brands such as AQARA, AZ ELITE, MÖWE, PHILIPS, PLUMEN, SCHNEIDER ELECTRIC, SIMON and YEELIGHT, alongside our exclusive in-house range of light fittings, luminaires, and lamps, we curate an extensive selection to cater to diverse tastes and preferences. Additionally, our offerings extend to premium fan brands like CRESTAR, BIG ASS Fans (HAIKU), ECO-AIRX, Möwe, PO ECO, and SPIN.

Setting us apart from traditional lighting stores and standalone home automation providers is our unique fusion of artistic illumination and cutting-edge technology. We seamlessly integrate both elements to provide clients with a comprehensive, modern home solution in a single, convenient location.

Not everyone holds the same enthusiasm and convictions regarding the multifaceted use of lighting. Some may prioritise functionality over aesthetics, viewing lights merely as tools for illumination rather than embracing their broader potential.

With over a decade of collaborative partnerships and customer engagements, Threecubes stands as your ultimate destination for all things light and smart. Join us on a journey where innovation meets illumination, transforming spaces and experiences one light at a time.",https://www.threecubes.com.sg/,6588072481,https://btogroupbuy.sg/brand/three-cubes-singapore-0f94bf3e-d86f-4062-a477-eb714db458f0,1,12% OFF for SIMON M3 Series switches & sockets 
Tile Grout Singapore,Renovation & ID,"Floor refinishing service in Singapore
",https://www.groutsg.com/,+6591115778,https://btogroupbuy.sg/brand/tile-grout-singapore-8dd58f38-e963-4d35-b7b1-3bc808be35b1,1,Epoxy Grouting
TIM Gates & Grilles,Window & Curtain,"Founded in 2018, Tim Gates and Grilles has established itself as a trustworthy provider of innovative products in Singapore.

Our commitment to quality and safety reflects in our Invisible Grilles, Autogates, Awnings, Slim Frame Glass Doors and Stainless Steel Cabinets, designed to enhance your home while ensuring protection.

We listen to our customers to deliver tailored solutions.",https://www.timgatesgrilles.com/, +65 89610528,https://btogroupbuy.sg/brand/tim-gates-grilles-4f14a446-b61d-46f4-8f1b-c87da693e923,6,Modern BTO Hidden Track Door SAVING $92 | BTO Sliding Door SAVING $220 | BTO Casement Toilet Door | Sliding BTO Invisible Grilles SAVING 20% | 🔥Casement BTO Invisible Grilles SAVING 20% | Fixed BTO Invisible Grilles SAVING 20%
Tlux Lighting, Lighting and Fans ,"Why choose TLUX Singapore?
Competitive and transparent pricing
We are upfront and transparent about our prices.
Our LED products are personally curated and sourced directly from suppliers, cutting out unnecessary middlemen charges. This translates to lower prices without compromising on quality and design of our LED products, for our valued customers.
Physical showroom for better customer shopping experience
We are confident of the quality of our products, which is why we insist on maintaining a physical showroom to complement our online shop. Our newly renovated showroom at E-centre Redhill will allow you to personally see and feel our LED products and fixtures, so that you can make a more informed choice when planning your LED lighting needs.
Self-collection (by appointment) is also possible for selected products.
Good technical knowledge and after-sales support
Our staff will also be present to address any doubts or product-related issues.
Our customers constantly return to us for new LED and decorative light offerings, as they are assured of good advice and after sales service.
Look no further – drop us an email or Whatsapp us for an appointment now!

",https://tlux.sg/,96584984,https://btogroupbuy.sg/brand/tlux-lighting-23642096-8be2-4628-97e1-8d4dbd85ef58,3,Square Single Head Surface Mount GU10 Ceiling Fixture | Osram LED Chip Linear Downlight |  Safety Mark 7W Citizen COB Recessed Tube Downlight
TOTOMAN,Furniture,,https://www.instagram.com/totomanpteltd?igsh=aWloN3Z1bXdhY245,80228878,https://btogroupbuy.sg/brand/totoman-9edacca6-4822-4e85-86b2-1fcfbc3379ff,2,BTO CNY Door Deal from ONLY $788 Net Group Buy  | BTO Direct Contractor Glass Door Installation Promo Group Buy - From $938 Nett Installed
Two Moms Curtains,Window & Curtain,"Our Story
We're a small curtain shop in Singapore, run by two mothers who understand what makes a house feel like home. We work with trusted suppliers across Singapore, Malaysia, China, Korea, and Turkey, so we can find you good options at fair prices. You can see examples of our work in our showcase.

We started this business because we know how much the right curtains can change how your home feels. As mothers ourselves, we understand that you want your home to be comfortable for your family. We take time to listen to what you need and help you find curtains that work for your space and budget. It's not about selling you the most expensive option – it's about finding what's right for you.",https://www.twomoms.sg/,6586130605,https://btogroupbuy.sg/brand/two-moms-curtains-b7305563-d73c-4190-ba21-f4bd33600356,3,Group Buy Curtain Saving 18% | Group Buy BTO Curtain Saving 10% | BTO Curtain Package Saving 5%
TWS Home, Lighting and Fans ,TWS_Store sells the following items: - basic downlights and light bulbs ,https://www.lazada.sg//shop/twshome//_____tmd_____/punish?x5secdata=xcnKfUJovas8xVf%2bLit7a26l%2bre5%2bkNmvI4gj%2bqtakHU70FXKG8Tj9gdOrivtkSWwCznQ68EmKEBxgFagSh8kwud3EUKv%2ba75nxKn346091gnviqJqzIHD9wpsy32fhl6xilIW5yZwtSbTGfJzhKMdIqi%2bWC19%2f8gr0NpUuovSdeVI4jV%2bdqGhndYtaIY5g9Fg%2fpLkKos2qGRrRYrmpSYrCAeiJCmR2gmfkkvNGmKPdyA5Xdgpkzyp1haTYCtz%2fnLQK%2b7QW7wNyk%2f09Ilt8r9a20Vkp9w7X%2fEYM%2bioVQo4fGwpAHE6yz%2b3eoFEPKIGdcvLHtQKFHyl3nZCiGIapHJTWALgWp%2frWxdLFjJtpIbpbjxnoDgF4rxw3xWyG2yywj8VSTTmZiEPCWSAKLo4MTlsI4TkrgNnkUIEwNSyttj2KidpKtCWeEO%2bNWGpOY%2b0BarFSTVayTsba6mCjdqYCE8dO7EKcbsvon%2fs8YEmO3QpQ17oRJuAZ7UyHloE1H0I5bGHz%2f6wBBu%2bG1XqLdOIZSGPJGISR6mhwrOIJQLwccGaGDQqAT8sMnYBKxnwzniXfzQWs5uPv%2bzwm3ZdX%2fdZsMEApLK9rSLm5Ni%2bRnDiDZdvKPd3AjHTwOJTnN%2fN85WVYRXdTM2uWEwQgrX34GuLE3q9pleSdrTZ%2ff44%2bQfWLSnrn0bufvVBpZh56bSaLzAuqHcXlz5iqLxqx6wVDWjETP0xzg%3d%3d__bx__www.lazada.sg%2fshop%2ftwshome%2f&x5step=1,+6598794721,https://btogroupbuy.sg/brand/tws-home-6e5c3c9c-5280-423f-a7a3-41da4f051734,4,BTO Package - Fanco Fans + Philips Lights + Schneider Electric AvatarOn Switches and Sockets | Schneider Electric AvatarOn C Switches and Sockets | FANCO Rito 3 and Rito 5 Ceiling Fan | Schneider Electric AvatarOn Switches and Sockets
UC Fresh Air,Formaldehyde Removal,"Professional Formaldehyde & TVOC Removal Service in Singapore
Breathe Easy with UC Fresh Air
Looking to eliminate formaldehyde and TVOC from your indoor environment? UC Fresh Air offers expert formaldehyde and TVOC removal services across Singapore. Our certified team is committed to improving indoor air quality and ensuring a safe space for your family, colleagues, and customers.

Trust UC Fresh Air to create a cleaner, healthier space where you can truly live and work comfortably.",https://ucfreshair.com/,+6590705064,https://btogroupbuy.sg/brand/uc-fresh-air-2f29868a-6621-440b-8f24-33428f771770,1,DIY Formaldehyde Removal 
Uncle Defect,Condo Group Buy,Condo Defect Inspector,,+6588584141,https://btogroupbuy.sg/brand/uncle-defect-73b47679-491f-4718-9870-28d35f73615a,0,
Uncle Defect,Defect Checking,Uncle Defect is SG's #1 defect checking company with endorsements from famous celebrities.,https://www.uncledefect.sg,+6588584141,https://btogroupbuy.sg/brand/uncle-defect-84e50321-7d67-49ec-bc62-f5222406026e,4,Defect Inspection HDB - 3 trips | Defect Inspection HDB - 1 trip | Defect Inspection Condo- 3 trips | Defect Inspection Condo- 1 trip
VArtisan,Painting,"Cleaning and Painting service
After-reno cleaning
Handover Cleaning
Weekly cleaning",,6596928054,https://btogroupbuy.sg/brand/vartisan-4de82cc4-e051-4338-b96d-ba2cdd19b7cb,1,BTO Home Painting + Free shifting of furniture
Venue Painting,Painting,"Welcome to Venue Painting | Professional Painting Services - Your Premier Painting and Interior Services Provider in singapore. At Venue Painting, we believe that your home or business space should be a reflection of your unique style and personality. With a passion for transforming spaces and a commitment to excellence, we have been providing top-notch painting and interior services to Singapore and the surrounding areas for 18+ Years. Our team of experienced professionals is dedicated to turning your vision into reality. Whether you're looking to refresh the walls with a fresh coat of paint, completely renovate your interiors,tiling and partition services or add a touch of elegance to your space, we have the expertise and creativity to bring your dreams to life. We take pride in our attention to detail, use of high-quality materials, and commitment to customer satisfaction. Our mission is to not only meet but exceed your expectations, ensuring that every project is completed on time and within budget. At Venue Painting, we understand that your space is more than just four walls; it's where memories are made, ideas are born, and comfort is found. Let us be your trusted partner in enhancing the beauty and functionality of your space.",Www.venuepainting.com,+655. 91424242,https://btogroupbuy.sg/brand/venue-painting-702e820b-1928-4e40-8718-6a00111db44d,1,HDB / Condo Painting BTO Group Buy (From $499!)
Vertic,Painting,,https://www.instagram.com/verticsg?utm_source=ig_web_button_share_sheet&igsh=ZDNlZDc0MzIxNw==,9112 2826,https://btogroupbuy.sg/brand/vertic-4546fcbb-03d1-43ea-abaa-fb646addb921,4,Nippon HDB Painting Package Singapore BTO Group Buy  | BTO Best Wall Panel Deals Singapore – Limited Time Discount! | Suzuka Texture Wall Paint Deal BTO Group Buy - 10%off | BTO Limewash Painting SAVING up to $189
ViewQwest,Food & Beverage,Internet service provider in Singapore,https://viewqwest.com/sg/,+6531020000,https://btogroupbuy.sg/brand/viewqwest-23e89c6d-f5a0-4b05-9943-a31468816fcb,2,10Gbps Home Broadband | 3Gbps Home Broadband
W.atelier,Bathroom,"W. Atelier provides the lifestyle you deserve with a one-stop solution for your Bathroom, Furniture and Kitchen needs in Singapore.",https://www.watelier.com/,+6597356783,https://btogroupbuy.sg/brand/w.atelier-a6b8be66-a25a-4cd9-a549-bdaac75569ea,1,Special for BTO owner Big Toto Washlet 40% OFF
W&W Inspection,Defect Checking,"HOW WE ARE

We are professional: BCA Academy Certificate - CONQUAS Training for Builders/Developers and Consultants + ROHS Compliant Equipment

We are experienced: 3000+ defect inspection & lock up experience (as the rectification team to have joint inspections with HDB/Private Developers) 

We are domain experts: 9+ years’ experience in building/construction, including structural, architectural & Mechanical + Electrical engineering

We are detailed: Eagle sharp eye to spot hidden and tricky defects

We are adaptable: Customized professional advice for each unit

We are good at communication: Bridge you with developers&contractor with their stronger willingness for better rectification

We are knowledgeable: Our skilled trainer owns National University of Singapore (NUS) Honoured bachelor’s degree in civil engineering & NUS Honoured master’s degree in project management, and delivers professional and practical knowledge and trainings to the whole team

 Rich Experience × Smart Brain × Sharp Eagle Eye = Defect Free Properties for You",https://www.wwinspection.net/,6590061965,https://btogroupbuy.sg/brand/ww-inspection-0700edc0-ed25-46f3-81f0-59fba0a70f1b,2,Condo/EC Defect Inspection + report from 208 | HDB BTO Defect Inspection + report from 118
Wasser Bath,Bathroom,"WASSER BATH AT YOUR SERVICE
Wasser Bath is supplier of bathroom, kitchen and toilet accessories in Singapore. We have a wide range of selection that will meet your budget and exceed your expectations with modern designs that are imbued with quality. We have supplied to many condominiums and projects island wide.

We have worked hard to source a range of Wares that offers both style and practicality for your daily use.

With our money saving package to the best deals, from the stylish Tap ware you always want, to our affordable bathrooms accessories, and regular offers, we are confident that at Wasser Bath, you will get the best deals. Forget about those big stores. We have got them covered. So, what are you waiting for?",https://wasserbath.com/,+6562588253,https://btogroupbuy.sg/brand/wasser-bath-67895c79-da4e-4877-a0ce-39aa56f78f56,2,Toilet Bowl + Chrome 3-way Rotary Rain Shower only $599  | Brass Rain Shower Set $499 + FREE Gift up to $1000
Wells Singapore,Water,"Wells products are designed to not just beautify your home, but also futureproof it. With the end user’s experience in mind, Wells practices stringent research and development for each product, never compromising on anything less than excellence. Wells products are great for elevating home designs and enhancing the wellbeing of the entire family.

Valuing a clean and conducive environment as a luxury that is well deserved by all, the company strives to bring premium quality products to homes and workspaces through multi-functional and elegant design. The home appliances include water dispensers, air purifiers and beauty devices, some of which have been recognised by international awards such as the iF Design Award, Red Dot Design Award, IDEA Design Award and Good Design Award.",https://www.wellssingapore.com/,+6581695878,https://btogroupbuy.sg/brand/wells-singapore-4a923368-871f-4ff8-9c9b-c06f7ffad410,1,Wells The One / Slim One / True Tankless Cooling+ Premium Water Purifier
WindowShield Pte Ltd,Window & Curtain,Window installation service in Singapore,https://windowshield.co/,+6585128055,https://btogroupbuy.sg/brand/windowshield-pte-ltd-958f861e-9edf-4974-bce7-87f660b2cf51,3,Closed Deal | 5% WS Nano Ceramic Solar Films/Privacy Films/Safety Films | Closed Deal | 5% Group Buy Discount – WindowShield Invisible Grilles 🏠🔒 | 5% Group Buy Discount- WindowShield Retractable Mesh – Keep Insects Out While Enjoying Fresh Air 🐞🏡
Winspiray Singapore Pte Ltd,Home & Living,,winspiray.com,8524 3153,https://btogroupbuy.sg/brand/winspiray-singapore-pte-ltd-5058953c-e54c-4593-9b72-aa720adf0b43,2,🔥BTO Solar Film Singapore Group Buy - 15%OFF🔥 | 🔥BTO Group Buy Solar Film Promotion - 15%OFF🔥
Wood Origins,Renovation & ID,"Explore our range of vinyl floorings, engineered wood and fluted panels, marrying durability with beauty. Illuminate your space with a fresh perspective.",https://woodorigins.sg/,+6581695878,https://btogroupbuy.sg/brand/wood-origins-4940e0d9-c6a7-41f5-a76b-105a36b82d82,1,Fluted Panel
Yi Ki Door & Renovation,Door & Locks,"Your Home, Our Priority.

With over a decade of experience, Yi Ki Door & Renovation is a customer-centric company, offering top-notch door and window solutions to enhance your Singaporean living space.

Your Vision, Our Craft.

Customize your home with Yi Ki Door and Renovation. Our wide range of products, from sliding doors to window grilles, can be tailored to your exact specifications. Enjoy professional installation and hassle-free removal of old fixtures.",https://yikidoor.com.sg/,6588325239,https://btogroupbuy.sg/brand/yi-ki-door-renovation-3ce29891-667c-477a-a8cb-7bd49b06f22b,6,Ultra Slim Bi-Fold Door Singapore + Free Digital Letter Lock | BTO Ultra Slim Swing Door Singapore + Free Digital Letter Box Lock | 🚪 BI-Fold Door Group Buy saving $40 per door ! | ✨ Slim Profile Door Surprise Deal 11% OFF  | ✨ BTO Flat Special Promotion – Doors & Windows Bundle! ✨ | Yi Ki Door & Window BTO Flat Special Saving 11%
Zafar Inspection,Defect Checking,Home inspection firm for Defects. It's More than Cosmetic defects! Let us 'Zap Far' for an added peace of mind!,https://zafarinspection.com,+6581695878,https://btogroupbuy.sg/brand/zafar-inspection-3e2e933c-6f41-41be-a6db-bf965875fe49,1,Defect Check 3trips SAVING $24
ZUHNE - Premium Kitchen Sinks,Kitchen,Industry leading kitchen sinks and accessories. Official Grohe partner.,https://zuhne.com/,+6580253585,https://btogroupbuy.sg/brand/zuhne--premium-kitchen-sinks-c21b5268-8c14-43ed-bfac-30826dcc5afa,3,Secret Deal for SG's bestselling  Kitchen Sink with Free Accessories | Secret Deal for SG's bestselling  Kitchen Sink with Free Accessories | BUNDLE DEAL: Secret Deal for SG's bestselling  Kitchen Sink with Free Accessories
