name,category,in_bishan,live,dtc,email,whatsapp,website,facebook,instagram,wa_group,wa_group_admin,slug,page_url,description
Bedtribe,Home and Living,yes,True,True,teambedtribe@gmail.com,80685970,https://www.bedtribe.com/,https://www.facebook.com/bedtribe/,https://www.instagram.com/bedtribe/,,5970,bedtribe,https://findgroupbuy.com/brand/bedtribe,An innovative series that gives a good night’s sleep. Get your comfort and well-deserved rest the way you should.
AmGlow Water Systems,Water Dispenser,yes,True,False,sharon@amglow.com,87902885,www.amglow.com,AmGlow Singapore,@AmglowSingapore,,5970,amglow,https://findgroupbuy.com/brand/amglow,💧 A New Way to Drink!✨
GoodLiving Singapore,Smart Home,yes,True,False,hello@findgroupbuy.com,88784758,https://www.goodliving.sg/,https://www.facebook.com/www.goodliving.sg,https://www.instagram.com/goodlivingsingapore/,,5970,goodliving,https://findgroupbuy.com/brand/goodliving,"Founded in 2017 by a team of passionate engineering enthusiasts, GoodLiving has quickly established itself as a leading name in the home technology space. With a strong commitment to innovation and quality, we’ve earned the trust of over 10,000 Singaporean households who rely on our cutting-edge automated laundry systems. Driven by our own R&D, we continuously push the boundaries to bring the latest advancements and our unique innovations to the Singapore home appliance market.  Why Choose GoodLiving? Free Delivery & Installation on Concrete or False Ceiling. Local Warranty and Trusted by Thousands that has earned us a perfect 5/5 rating from over 1,160 satisfied customers on Google Reviews."
Curtain Galleria Singapore,Home and Living,,False,False,gladys@thecurtaingalleria.com,97358682,,,,,5970,curtain-galleria,https://findgroupbuy.com/brand/curtain-galleria,"Since its establishment in 2017, Curtain Galleria’s dedicated team has served a wide range of satisfied clientele and built a strong customer base. Staying true to their brand promise, they have consistently maintained a 5-star rating, reflecting their unwavering commitment to excellence."
Eazea,Access and Locks,,False,False,hello@eazea.sg,88386667,https://eazea.sg/,https://www.facebook.com/eazea.sg/,https://www.instagram.com/eazea.sg/,,5970,eazea,https://findgroupbuy.com/brand/eazea,"Singapore No.1 Digital Lock Provider, Eazea. First Singaporean Conventional Digital Lock Brand with more than 5000 5* Reviews on Facebook and Google.  #Going Keyless is Eazea! #Make your life Eazea!"
The Table Guy,Furniture,yes,True,False,sam@tableguy.sg,84998989,https://tableguy.sg/,https://www.facebook.com/tableguysg,https://www.instagram.com/tableguysg/,,5970,tableguy,https://findgroupbuy.com/brand/tableguy,Fully customisable solid wood tables and furniture in Singapore. Durable furniture built to evolve with you.
Wells Singapore,Water Dispenser,yes,True,False,micolyee@wellssingapore.com,97945366,"Contact Wells via [color=rgb(0, 102, 204)][url=https://api.whatsapp.com/send?phone=6597945366][b][u]Whatsapp[/u][/b][/url][/color] for further enquiry",https://www.facebook.com/wellssingapore/,https://www.instagram.com/wellssingapore/,,5970,wells,https://findgroupbuy.com/brand/wells,"Wells, a distinguished Korean lifestyle brand founded in 2002, is dedicated to delivering top-quality home appliances. With all products meticulously designed and manufactured in Korea, Wells ensures exceptional craftsmanship and performance. Specializing in premium water dispensers and purifiers, Wells is committed to providing families with a reliable and continuous supply of clean, fresh drinking water."
ZUHNE - Premium Kitchen Sinks,Kitchen,yes,True,False,vinay@zuhne.com,80253585,https://zuhne.sg/,,,,5590,zuhne,https://findgroupbuy.com/brand/zuhne,"Zuhne is Forbes Top 10 kitchen sink brands from 2022 to 2024. Rated 9.8 of 10 on Amazon published Kitchen Sink Buying Guide – higher than ANY other brand. Over 10,000 5-star ratings on Amazon. Independently rated 'Best kitchen sink in the last few years'."
The Curtain Boutique,Home and Living,,True,False,marketing@tcb.com.sg,86888813,https://www.tcb.com.sg/,https://www.facebook.com/TheCurtainBoutique,https://www.instagram.com/thecurtainboutique/,,5970,the-curtain-boutique,https://findgroupbuy.com/brand/the-curtain-boutique,"A trusted leader in curtains and blinds for homes and businesses, The Curtain Boutique has over a decade of industry experience. Known for its commitment to quality and customer satisfaction, it garners thousands of 5-star reviews and is a proud pioneer of Ziptrak® in Singapore.  It has received prestigious accolades, including the Singapore Prestige Brand Award and the Excellent Service Award (EXSA), and maintains certifications from CaseTrust and BizSafe."
ShadeSpace,Home and Living,yes,True,False,marketing@shadespace.com.sg,86858847,www.shadespace.com.sg,https://www.facebook.com/shadespacesg,https://www.instagram.com/shadespacesg/,,5970,shadespace,https://findgroupbuy.com/brand/shadespace,"ShadeSpace has quickly ascended to the top as Singapore's leading window furnishers. Our highly skilled team of artisans take pride in transforming spaces with an array of sophisticated and functional window treatments.  Our unwavering commitment to excellence, innovation and customer satisfaction was recently recognized at the Singapore SME500 Awards and accredited with CaseTrust, affirming our commitment to innovation, superior quality, and customer satisfaction in every project we undertake."
Textures Crew,Services,,False,False,ben@bifco.biz,97349780,,,https://www.instagram.com/textures_crew/,,5970,textures-crew,https://findgroupbuy.com/brand/textures-crew,Textured Paint | Limewash | Stucco | Microcement | Venetian Plaster
Framier,Furniture,yes,False,False,kristalkj3@framier.sg,82628212,framier.sg,https://www.facebook.com/framiersingapore,instagram.com/framiersg,,5970,framier,https://findgroupbuy.com/brand/framier,At Framier we customize furniture to create a unique and aesthetic home for you. Our specialization is in bed frame customization.
Sol Luminaire™,Lighting and Fans,yes,True,False,marketing@solluminaire.com.sg,91062210,https://solluminaire.com.sg/,https://www.facebook.com/Solluminaire/,https://www.instagram.com/solluminaire?utm_source=ig_web_button_share_sheet&igsh=ZDNlZDc0MzIxNw==,,5970,sol-luminaire,https://findgroupbuy.com/brand/sol-luminaire,"Sol Luminaire™ is a leading lighting company based in Singapore, known for its innovative approach to design. We offer AEON®, our exclusive range of creative lighting solutions for both homes and businesses in South East Asia. Our focus is on combining style, function, and advanced technology to create versatile lighting options. We use sustainable Chip-on-board (COB) LEDs in our Mini series, which features compact design, low glare, adjustable brightness, and flexible beam angles."
ErgoTune,Furniture,,False,True,ergotune.groupbuy@una-brands.com,80685970,https://ergotune.com/,https://www.facebook.com/ErgoTune/,https://www.instagram.com/ergotune.co/,,5970,ergotune,https://findgroupbuy.com/brand/ergotune,"ErgoTune Singapore provides high-performance ergonomic chairs and desks, focusing on tailored comfort and support to enhance well-being and productivity for both work and leisure."
Aqara SG,Smart Home,yes,True,False,info@homesmart.sg,88768104,https://homesmart.sg/contact/,,https://www.instagram.com/homesmart.sg/?hl=en,,5590,aqarasg,https://findgroupbuy.com/brand/aqarasg,"Integrate smart technologies into your home, and live better. Homesmart.sg uses the world’s top technologies to bring real convenience, accessibility, and security into Singapore homes. The smart homes of today are advanced yet affordable, powerful yet user-friendly, and Homesmart.sg can help create your smart home with simple, effective integrations."
SG DefectScan,Services,yes,True,False,sales@sgdefectscan.com,87766987,www.sgdefectscan.com,https://www.facebook.com/sgdefectscan/,https://www.instagram.com/sgdefectscan,,5970,sgdefectscan,https://findgroupbuy.com/brand/sgdefectscan,"SG DefectScan offers defects inspection for residential and commercial properties in Singapore. We are featured in Mediacorp’s CNA, The Straits Times and AsiaOne media releases.  Scope of Inspection covers architectural, electrical and plumbing items for workmanship, functionality and finishing issues in accordance to BCA guidelines; as well as providing Lifetime Warranty on all defects found in the unit."
Goodsleep,Bedroom,yes,True,True,marketing@goodsleep.sg,80685970,goodsleep.sg,https://www.facebook.com/GoodsleepSg,https://www.instagram.com/goodsleepsg/,,5970,,,"Goodsleep is a a brand that specialises in providing superior quality, customisable products without the need to break bank! We pursue 100% customer satisfaction through our meticulously designed products, made to cater to our customers needs and preferences."
GROHE Singapore,Bathroom,,False,False,grohe.sys@lixil.com,88762234,www.grohe.sg,https://www.facebook.com/grohesingapore,https://www.instagram.com/grohesingapore/,,5970,grohe,https://findgroupbuy.com/brand/grohe,"The German leading brand and design powerhouse of premium bath faucets and showers, kitchen mixers, thermostats and installations systems"
American Standard,Bathroom,,False,False,as.sys@lixil.com,88762234,https://www.americanstandard.com.sg/,https://www.facebook.com/AmericanStandardSG/,https://www.instagram.com/americanstandard_sg/,,5970,american-standard,https://findgroupbuy.com/brand/american-standard,"For 150 years, we’ve made it our mission to enable you to create a home you will love every day.  This page is dedicated to you: explore, learn & share!   Inspired by people, we design better bathrooms and kitchens around the world, delivering what you didn’t even know you needed, innovating in a way that’s inviting and intuitive.   With a relentless focus on making life simpler, we design products that fit seamlessly into your routine. They’re easy to use and built to last. Toilets, faucets, showers, bathtubs, and more, make a huge difference every day, in the background of life.  We want you to love where you live, no matter who or where you are."
INAX,Bathroom,,False,False,inax.sys@lixil.com,88762234,www.inax.com.sg,https://www.facebook.com/inax.sg/,https://www.instagram.com/inaxsingapore,,5970,inax,https://findgroupbuy.com/brand/inax,INAX is a Japanese brand that manufactures innovative sanitaryware and artistic ceramic tiles.
TWS Home,Lighting and Fans,yes,True,False,jasmine.leo@sinicpl.com,98794721,,,,,5970,sinic,https://findgroupbuy.com/brand/sinic,"TWS Home sells authentic Schneider Electric, OSRAM, Philips, Alpha, Bestar and FANCO products."
Casa Concetto - Premium Luxury Furniture,Furniture,yes,True,False,showroom@casaconcetto.com,88040105,www.casaconcetto.sg,casaconcettosg,casa_concetto_sg,,5970,casa-concetto,https://findgroupbuy.com/brand/casa-concetto,"Crafting spaces filled with timeless elegance and cherished memories, Casa Concetto aims to redefine the essence of home living.   We inspire individuals to curate spaces blending comfort, style, and lasting beauty.   Our vision is to elevate the art of living, enriching lives through design and unforgettable moments."
Zessentials Holdings Pte Ltd,Home and Living,yes,True,False,sales@zessentials.sg,88009871,https://zessentials.sg/,https://www.facebook.com/ZEssentialsHoldings,https://www.instagram.com/zessentialsholdings/,,5970,zessentials,https://findgroupbuy.com/brand/zessentials,"At Zessentials, we offer more than just storage racks; we provide smart space solutions. Our versatile shelves adapt to any configuration, maximizing every inch of your space. Enjoy uncompromised quality at affordable prices"
J+U Envirolution,Services,,False,False,ryan@juconsultancy.sg,88149919,https://juenvirolution.sg/,J+U Envirolution,@juenvirolution,,5970,juenvirolution,https://findgroupbuy.com/brand/juenvirolution,"At J+U Envirolution Pte Ltd, We're committed to transforming spaces through exceptional cleaning services. From post-renovation cleaning to our specialized Vinyl Floor Care Package - Which includes Scrubbin, polishing and applying of a protective coat- We deliver spotless results. Stay tuned for new services, like upholstery cleaning, coming soon!  Live impactful lives with J+U!!"
338 Aircon,Services,,False,False,homesolutions@338aircon.sg,86884141,,,,,5970,338aircon,https://findgroupbuy.com/brand/338aircon,
TY Invisible Grille,Services,,False,False,tengyongsales@gmail.com,83394146,https://tyinvisiblegrille.com/,,,,5970,ty-invisible-grilles,https://findgroupbuy.com/brand/ty-invisible-grilles,"One of the leading specialists of invisible grilles in Singapore, Teng Yong Invisible Grille offers superior window safety solutions for families in Singapore at affordable prices. With our expertise and professionalism, we strive to create a safe and comfortable interior for each client that engages us."
SG Clean,Services,,False,False,sgcleanpteltd@gmail.com,,sg-clean.info,SG Cleaning Solutions,@bookings.sgclean,,5970,sgclean,https://findgroupbuy.com/brand/sgclean,"Here at SG CLEAN, we are professionals in Mould treatment, Upholstery cleaning & quality painting packages."
ADOORE Singapore,Furniture,,False,False,sg@adoore.com.sg,88258263,https://adoore.com.sg,Adoore SG,@adoore.sg,,5970,adoore,https://findgroupbuy.com/brand/adoore,
Oculus Collective,Home and Living,yes,True,False,darrensiew@gmail.com,91247895,https://oculus-collective.com/,0culus Collective,0culuscollective,,5970,oculus-collective,https://findgroupbuy.com/brand/oculus-collective,"Combining science with magic, we engineer doors of imagination and windows of possibilities."
Kim Huat Co.,Home and Living,,False,False,enquiry@kimhuat.co,84187936,https://www.kimhuat.co/,https://www.facebook.com/Kimhuatsg/,,,5970,kimhuatco,https://findgroupbuy.com/brand/kimhuatco,
MyRepublic | #1 Fibre Broadband Provider in SG,Services,yes,True,True,hello@findgroupbuy.com,80685970,https://myrepublicsg.pxf.io/c/5820268/2216683/14471,https://www.facebook.com/MyRepublicSG/,https://www.instagram.com/myrepublicsg/,,5970,myrepublic,https://findgroupbuy.com/brand/myrepublic,"MyRepublic is a top broadband provider in Singapore, known for its fast, reliable, and affordable internet. Offering flexible plans for all users, from casual browsers to avid gamers, MyRepublic ensures seamless, high-speed connectivity and exceptional customer support. Perfect for streaming, gaming, or remote work, MyRepublic keeps you reliably connected every day."
KKPL,Kitchen,yes,True,False,elaine@kkplgroup.com,86014500,https://www.kkpl.com.sg,https://www.facebook.com/kkplsingapore,https://www.instagram.com/kkplsingapore/,,5970,kkpl,https://findgroupbuy.com/brand/kkpl,"Koncept Kreation Private Limited, also know as KKPL was established on 2014, concentrating predominantly on industrial and furniture hardware products.  With a well-built team that has more than 18 years of experience in this industry, we have grown steadily to be the prime provider for comprehensive industrial and engineering hardware products with the best quality in both products and services.  Tapping into modern carpentry solutions, we continuously explore high quality fixtures and fittings to our clients. We aim to be the brand that prioritised our customers' needs, upholding our corporate slogan ""Service Our Forte"". With innovative systems, we want to activate every possible space you have that minimizes inefficiency and clutter."
Aerify,Furniture,yes,True,False,info@uiss.com.sg,96636864,https://www.aerify.sg,,https://www.instagram.com/aerifysg,,5970,aerify,https://findgroupbuy.com/brand/aerify,"Say goodbye to harmful moulds and mites, and hello to freshly aired and sterilised daily wear through our range of smart dehumidifying and purification devices. Aerify’s range of smart dehumidifiers made for both functionality and aesthetic. Finished with elegant finishes, they are perfect for those who are in search of purpose and style."
Tile Grout Singapore,Services,yes,True,False,weijie@tritoncon.sg,91115778,www.epoxygrout.sg,Tile Grout Singapore,@tilegroutsg,,5970,tilegroutsg,https://findgroupbuy.com/brand/tilegroutsg,"Transforming your spaces with durable, stain-resistant, and visually appealing epoxy grouting solutions. Our expert team specializes in professional grout services to enhance and protect your tiles, ensuring long-lasting beauty and functionality for your home or business."
STEELFRAME,Bedroom,yes,False,False,info@uiss.com.sg,96636864,www.steelframe.sg,,https://www.instagram.com/steelframe_official/,,5970,steelframe,https://findgroupbuy.com/brand/steelframe,Your Wardrobe Fittings Specialist. Artisan fittings tailored made for modern day dressing rooms.
Kim's Aircon,Air Condition,yes,True,False,contact@kimsaircon.com.sg,88171587,https://kimsaircon.com.sg/,https://www.facebook.com/kimsaircon/,https://www.instagram.com/kimsairconsg/,,5590,kims-aircon,https://findgroupbuy.com/brand/kims-aircon,"Founded as Kim’s Air Conditioning Services in 1996, Kim’s specialise in providing premium air conditioning services from residential to commercial solutions.  At Kims Aircon, we specialise in providing premium air conditioning services tailored to meet your comfort needs. From residential installations to commercial ACMV solutions, we offer a comprehensive range of services designed to keep you cool and comfortable all year round.  Authorised Dealer for Mitsubishi Electric & Daikin Aircon"
Jestac - Home Solution Provider,Home and Living,,False,False,sales@jestac.com.sg,91054115,https://www.jestac.com,https://www.facebook.com/jestac/,https://www.instagram.com/jestacsg,,5970,jestac-3mfilm,https://findgroupbuy.com/brand/jestac-3mfilm,"With over 30 years of expertise, Jestac is a trusted 3M™ authorized distributor, offering home improvement solutions that prioritize safety, energy efficiency, and sustainability. We offer high-quality brands such as 3M™, Solventum, and No Skidding® to meet diverse residential and commercial needs.  Our solutions include: * 3M™ Sun Control Window Films * 3M™ Safety & Security Films * 3M™ DI-NOC Vinyl Films * No Skidding® Anti-Slip Floor Treatment * Solventum Aqua Pure AP Easy Under Sink Water Filtration System * Gauzy Switchable Smart Films  Boasting Singapore's largest window film in-house installation team professionally certified by 3M, Jestac guarantees seamless and reliable service to create safer, more efficient spaces.   3M Window Films, 3M Safety & Security Films and 3M DI-NOC are backed by 3M's warranty."
Haylee Mattress,Bedroom,yes,False,True,cassandra@otterhalf.co,,https://haylee.sg/,https://www.facebook.com/hayleemattress/,https://www.instagram.com/hayleemattress/,,5970,the-hayley-mattress,https://findgroupbuy.com/brand/the-hayley-mattress,"Designed in Singapore, the Haylee mattress provides remarkable comfort and was thoughtfully built to let your body enjoy the rest that you simply don’t enjoy enough."
Remode Hub Pte Ltd,Smart Home,,False,False,remodehub@gmail.com,88872723,https://remodehub.com/,https://www.facebook.com/remodehub,https://www.instagram.com/REMODEHUB,,5970,remodehub,https://findgroupbuy.com/brand/remodehub,Singapore 🇸🇬 Top-Selling Automated Laundry System Brand | CaseTrust Accredited  Find us at our Ubi Showroom for: ✅ Automated Laundry System ✅ Laundry Capsules ✅ Bathroom Vanity Set ✅ Kitchen Sinks ✅ Bathroom Accessories ✅ Air Purifiers ✅ Dehumidifiers and more!
Saniton Ceramic Pte Ltd,Bathroom,yes,True,False,ecommerce@saniton.com,90482294,https://www.saniton.com/,https://www.facebook.com/sanitonceramicwares,https://www.instagram.com/saniton.sg/,,5970,saniton,https://findgroupbuy.com/brand/saniton,"For over 35 years, Saniton has been a trusted name in Singaporean homes, delivering reliable and modern sanitary ware. With advanced sanitary technology and innovative hygiene solutions, we redefine cleanliness for homes—enhancing hygiene, comfort, and design for modern living.    Whether you're upgrading or moving into a new space, Saniton is your go-to brand for all your bathroom needs!"
WindowShield Pte Ltd,Home and Living,yes,True,False,chjasontan@gmail.com,85128055,,,https://www.instagram.com/windowshieldsg,,5970,windowshield,https://findgroupbuy.com/brand/windowshield,Your go-to expert for windows related installations! With years of experience in ensuring safety without compromising aesthetics.
Sunday Bedding,Bedroom,yes,True,True,clara.teo@sundaybedding.com,80685970,www.sundaybedding.com,https://www.facebook.com/sundaybedding,https://www.instagram.com/sundaybedding,,5970,sunday-bedding,https://findgroupbuy.com/brand/sunday-bedding,"At Sunday Bedding, we believe that great design and unparalleled quality should be accessible. Think of us as your sleep sommelier - here to expertly match our products to your unique sleep preferences, so you can wake up feeling refreshed."
ViewQwest,Services,,False,True,sebastian.law@viewqwest.comv,80685970,https://viewqwest.com/sg/,,,,5970,viewqwest,https://findgroupbuy.com/brand/viewqwest,"Give your home the best it deserves with the unbeatable value of XGSPON broadband from just $18.98/month. With ViewQwest III (3Gbps) and ViewQwest X (10Gbps), leverage Singapore’s fastest and most secure broadband, offering speeds up to 10Gbps, paired with next-generation WiFi 7 devices. Enjoy seamless connectivity nationwide and elevate your online experience to new heights!"
Magnetite Singapore,Home and Living,yes,True,False,carisa@magnetite.com.sg,87275631,https://magnetite.com.sg/,https://www.facebook.com/magnetite.com.sg,https://www.instagram.com/magnetite.singapore/,,5970,magnetite-window,https://findgroupbuy.com/brand/magnetite-window,"Enjoy the benefits of double glazing in your BTO – fully HDB compliant noise and heat reduction!   Magnetite Singapore provides retrofit double glazing for existing windows which dramatically improves the comfort of a room by reducing noise and heat transmission. Our system is imported from Australia and custom made for you in our Singapore factory. We’re proud to be recognized for our hard work and commitment, winning awards like the APAC Insider Singapore Business Award for Leading Innovators In Glazing Solutions and the Singapore SME Award Winner 2023. We are also Bizsafe 3 certified, which demonstrates our commitment to maintaining the highest safety standards in our operations.  As a leading provider of soundproofing solutions, we understand how important it is especially for new homeowners, to create a peaceful living space. After all, your home should be a sanctuary from the noise of the outside world. Whether you're settling into a bustling neighborhood or wanting to prevent sounds from travelling out from your unit,  Magnetite Singapore offers tailored solutions to meet your specific soundproofing needs, ensuring you enjoy a quieter, more comfortable home."
Domaco,Bathroom,,False,False,contact@domaco.com.sg,81816085,,,,,5970,domaco,https://findgroupbuy.com/brand/domaco,
Levels (Vhive),Furniture,,False,False,support@levels.sg,84900084,https://levels.sg/,,https://instagram.com/levels.sg,,5970,levels-living,https://findgroupbuy.com/brand/levels-living,Levels is a modern furniture brand in Singapore offering customizable home and office furniture at mass-market prices. We specialize in space-efficient designs tailored to your exact dimensions and layout preferences — combining premium craftsmanship with outstanding value.
PassionHome.sg,Smart Home,yes,True,False,sales@passionhome.sg,90517063,https://passionhome.sg/,https://www.facebook.com/PassionHomeSG/,https://www.instagram.com/passionhome.sg/,,5590,passionhomesg,https://findgroupbuy.com/brand/passionhomesg,Established since 2017. PassionHome.sg is your complete solution for home and smart home living.
Jia Le Curtains & Blinds | SG Specialist,Home and Living,yes,True,False,sales@jialetextile.sg,91260139,https://www.jialetextile.sg/,https://www.facebook.com/shopjltsg,https://www.instagram.com/shopjltsg/#,,5970,jiale-textile,https://findgroupbuy.com/brand/jiale-textile,SINCE 1998.
The Laundry Valet,Home and Living,yes,True,False,hello@thelaundryvaletsg.com,82051552,https://www.thelaundryvaletsg.com/,https://www.facebook.com/share/1FTEk1Kd7Q/,https://www.instagram.com/thelaundryvaletsg/#,,5970,the-laundry-valet,https://findgroupbuy.com/brand/the-laundry-valet,"Your 24/7 online laundry store that serves you convenience and quality. Outsource your bulky bedding washes, dry clean your winterwear and your favourite suits and dresses, or even let us take away your laundry completely by doing a regular weekly wash with us.   All prices includes pickup and delivery.  Min. order of $40.   We ARE the convenience you desire.  Talk to our friendly staff today!"
Hanman International Pte Ltd,Access and Locks,yes,True,False,,83635205,https://www.hanman.net/,https://www.facebook.com/p/Hanman-Digital-Lock-61551021771306/,https://www.instagram.com/hanmandigitallock/,,5970,hanman,https://findgroupbuy.com/brand/hanman,"About Hanman  Established in 2005, Hanman is a leading distributor and service provider of smart home and digital door lock solutions in Singapore. With a strong retail network and resources, Hanman has secured distributorships with top brands like Aqara, Samsung, Zigbang, igloohome, and Suprema in the smart home, smart lock, and security sectors. Hanman excels in customer support and after-sales service, making it a trusted partner for both commercial and residential projects. The company adheres strictly to fire safety regulations and secures all necessary certifications for project execution. We also offer 24-hour service and support to ensure uninterrupted customer satisfaction. Leading the Future of Smart Home Living  Established in 2005, Hanman is a leading distributor and service provider of smart home and digital door lock solutions in Singapore. With a strong retail network and resources, Hanman has secured distributorships with top brands like Aqara, Samsung, Zigbang, igloohome, and Suprema in the smart home, smart lock, and security sectors. Hanman excels in customer support and after-sales service, making it a trusted partner for both commercial and residential projects. The company adheres strictly to fire safety regulations and secures all necessary certifications for project execution. We also offer 24-hour service and support to ensure uninterrupted customer satisfaction. Smart Home Business  Hanman is a pioneer in the smart home and smart lock market in Singapore, offering a wide range of Home IoT products and services from leading brands like Aqara, SmartThings, Samsung, Zigbang, and igloohome. We cater to both mass market and B2B segments across residential and commercial sectors. Our skilled technicians and installers ensure a seamless user experience. Security System Business  Hanman is an authorized distributor of Suprema, a global leader in access control, time & attendance, and biometric solutions. We offer a comprehensive access control system featuring AI-based face recognition, fingerprint access, and a TCP/IP-based system architecture, supported by intelligent IP readers for enhanced efficiency."
Kaadas Singapore,Access and Locks,yes,True,False,hello@thesmartseries.com,89342923,https://www.kaadassg.com,https://www.facebook.com/Kaadas/,https://www.instagram.com/kaadas.singapore/,,5970,kaadas,https://findgroupbuy.com/brand/kaadas,"Kaadas is a global leader in smart digital locks, delivering security, style, and innovation to modern homes. With a legacy of precision engineering and cutting-edge technology, Kaadas offers a comprehensive range of digital locks that combine elegance with functionality. Trusted worldwide, Kaadas provides peace of mind through reliable and user-friendly solutions.  Global Presence Trusted in over 36 countries across 6 continents, Kaadas brings cutting-edge security solutions to homes and businesses worldwide. With 400+ international patents, every lock is built on innovation, ensuring the highest standards of quality, reliability, and technology.  End to End Product Development Designed, developed, and manufactured in-house, every Kaadas lock is crafted with precision and care. From engineering to testing, strict control over the entire process guarantees top-tier security, seamless performance, and a smarter way to protect what matters most.  Industry-Leading Manufacturing & Innovation  As the world’s largest digital lock manufacturer, Kaadas operates a massive 308,000 sq.m. production facility, ensuring exceptional quality at scale. Backed by three state-of-the-art R&D facilities, every lock is designed to set new industry benchmarks in security and convenience."
Sinewy SG,Home and Living,yes,True,False,HHK_trading@outlook.com,96387428,https://shopee.sg/sinewy_co#product_list,,,,5970,sinewy,https://findgroupbuy.com/brand/sinewy,"Sinewy SG brings you the safest ladder with the most contemporaneous design for your home and office.  GS TUV Certified EN14183, our step ladders offer maximum stability and security for you and your family.  Sinewy Ladder benefits: * Wide Steps and Anti-slip * All edges rounded for safety * Lightweight and compact * Designed to last a lifetime"
KMAC Singapore,Services,yes,True,False,huimin@kmac.com.sg,98801528,https://kmac.com.sg/,https://www.facebook.com/kmacint,https://www.instagram.com/kmacinternational/,,5970,kmac-cleaning,https://findgroupbuy.com/brand/kmac-cleaning,"KMAC International Pte. Ltd. was founded in 2010. We are professional and licensed cleaning company in Singapore. Always provide quality, trustworthy and affordable services for our clients."
Pacco Pte Ltd,Home and Living,yes,True,False,xychris@pacco.com.sg,81980379,www.paccofilms.com,https://www.facebook.com/paccofilms,https://www.instagram.com/paccofilms/,,5970,pacco,https://findgroupbuy.com/brand/pacco,"Established in 1988, Pacco specialises in commercial plastics polymer solutions and architectural films. We believe in sustainability, innovation, and providing comfort and energy efficiency in very space without sacrificing aesthetics. Our window films provide a solution to harsh tropical heat and UV exposure in offices, commercial buildings, and homes. Designed using our dual UV curing process, and superior sputtering technology, our Pacco GREEN series of window films is the first of its kind. Pacco GREEN reduces energy consumption by up to 30%, making it the world’s greenest window film. Our track record spans thousands of residential and commercial clients; including luxury developments, government institutions, top-tier hotels, commercial offices, and hospitals."
Singtel,Internet,yes,True,False,hello@findgroupbuy.com,80685970,https://www.singtel.com/personal/products-services/mobile/eform/grab-a-salesman-event?campaign,,,,5970,singtel-broadband,https://findgroupbuy.com/brand/singtel-broadband,Get More with Singtel's All-in Broadband Plans  📢 Singtel Exclusive Group Buy Promo – Limited Time Only! Singtel fiber plans from $29.90 onwards  📦 FREE Modem & Router 🔧 FREE Service Installation 🆓 FREE Registration Fee 📞 FREE Digital Home Line 🎁 FREE Voucher 🎉 Additional Freebies & Shopping Voucher
Life by City Energy,Bathroom,yes,True,False,life@cityenergy.com.sg,81216816,https://www.cityenergylife.com.sg/,https://www.facebook.com/CityEnergySG/,https://www.instagram.com/cityenergysg/,,5970,life-by-city-energy,https://findgroupbuy.com/brand/life-by-city-energy,"With more than 160 years of operation in Singapore, City Energy supplies piped town gas nationwide.   Through Life by City Energy, it also provides IoT-enabled lower-carbon home and kitchen solutions.  Switch Better, Save Smarter with Life by City Energy."
Wood Origins,Floor,yes,True,False,hudson@woodorigins.sg,90398186,https://www.woodorigins.sg/,https://www.facebook.com/people/Wood-Origins/61550939594264/,https://www.instagram.com/woodorigins/,,5970,wood-origins,https://findgroupbuy.com/brand/wood-origins,"At Wood Origins, we believe that every step you take should be a testament to beauty, authenticity, and innovation. Our journey began with a simple yet profound passion – to bring the warmth and grace of natural wood into the heart of every home. With unwavering dedication, we have reimagined flooring and wall covering, transforming spaces into expressions of art and comfort"
Gyon Design and Build,Bathroom,yes,True,False,ymj.95@hotmail.com,90663136,,,,,5970,gyon-design-build,https://findgroupbuy.com/brand/gyon-design-build,"Gyon Design & Build specializes in bathroom transformations using premium acrylic wall panels and LED lighting to create sleek, modern spaces. With a focus on quality, durability, and ambient design, we deliver trusted service that elevates everyday living."
Diamond Glass,Home and Living,yes,False,False,diamondglass.singapore@gmail.com,80202891,,,diamondglass.sg,,5970,diamond-glass,https://findgroupbuy.com/brand/diamond-glass,"Diamond Glass Singapore specialises in custom glass door solutions featuring our signature Diamond Glide™ technology for premium quality Sliding, Folding, and Swing Doors, as well as Mirrors and Shower Screens.   Precision-engineered for perfection and durability, our products are locally made, offering factory-direct service with some of the shortest lead times in the industry.   Diamond Glass is trusted by homeowners, builders, and businesses across Singapore."
Futurahaus,Smart Home,yes,False,False,jayden.goh@futurahaus.sg,82015367,https://www.futurahaus.sg/,https://www.facebook.com/Futurahaus,futurahaus.sg,,5970,futurahaus,https://findgroupbuy.com/brand/futurahaus,Futurahaus is a smart home and home automation company based in Singapore. We aim to provide our clients with state-of-the-art products from only the best in the market. We strive to provide the best services and ensure all our systems are fully integrated to give our clients the full smart home experience.
Noble Surfaces,Services,,False,False,jason@vasari.com.sg,96333814,,,,,5970,noble-surfaces,https://findgroupbuy.com/brand/noble-surfaces,
Sleep Space,Bedroom,,False,False,jacq@sleepspace.com.sg,88541265,https://www.sleepspace.com.sg/,https://www.facebook.com/sleepspace,https://www.instagram.com/sleepspacesg,,5970,sleepspace,https://findgroupbuy.com/brand/sleepspace,"Discover better sleep with SleepSpace — where comfort meets choice. Test over 25 models from leading brands in our showroom, including pocket spring, natural latex, foam, hybrid and cooling mattresses. We also offer Singapore’s widest range of sizes — from local to international and fully custom — so you can find your perfect fit in both comfort and dimensions."
Cosmos Decor Carpentry Singapore,Carpentry,,False,False,cosmosdecor1@gmail.com,98806353,https://www.cosmosdecor.com/,https://www.facebook.com/Cosmosdecorsingapore,https://www.instagram.com/cosmosdecorsingapore/,,5970,cosmos-decor,https://findgroupbuy.com/brand/cosmos-decor,"Cosmos Decor is a trusted carpentry specialist in Singapore, dedicated to transforming residential and commercial spaces with high-quality custom-made carpentry solutions. From built-in wardrobes and kitchen cabinets to custom woodwork, we bring your ideas to life with precision, functionality, and style. At Cosmos Decor, we take pride in our craftsmanship, attention to detail, and commitment to customer satisfaction."
Yale Home,Access and Locks,yes,True,False,lhuishin00@gmail.com,88177402,https://www.yalesmart.com/sg/,Yale Home Singapore,yalehomesg,,5590,yale,https://findgroupbuy.com/brand/yale,"Yale is trusted by millions of people every day to keep what's important to them sate. Our innovations have protected their homes, families and belonging for over 180 years. We have expanded from a leader in mechanical lock engineering to innovating connected smart locks and homes. Because we always make every effort to push the boundaries in a changing world. We were there for your grandparents (and probably theirs) and we'll be there for your children. Today, and every day to come."
Chowa Cleaning,Services,yes,True,False,hello@chowacleaning.com,88877528,chowacleaning.com,Facebook.com/chowacleaning,instagram.com/chowacleaning,,5970,chowa-cleaning,https://findgroupbuy.com/brand/chowa-cleaning,"Chowa Cleaning is a trusted home cleaning services provider in Singapore  We care deeply about the details: the hidden corners, the fine finishes, the little touches that make a huge difference.   We believe in creating a seamless and comforting cleaning experience for homeowners, one that feels less like a service and more like a shared journey. From the first conversation to the final walkthrough, we take pride in being part of your space transformation, treating your home with the same respect and care we would with our own.  Our solutions include: * Post Renovation Cleaning * RotoWash™ Deep Floor Subbing * Bona™ Floor Coating * Cement Stain Removal * Upholstery Cleaning * And more...  Here at Chowa Cleaning, we only use professional grade equipments, packing the power you need for a deep clean - far beyond that of household tools and appliances.  With Chowa Cleaning, it's not just about a clean home; we live for that ‘wow’ moment when you see your dream space come to life after clearing up the renovation mess!"
Uniqool,Bathroom,yes,True,False,enquiry@uniqool.com.sg,96279987,www.uniqool.com.sg,https://www.facebook.com/Uniqool/,https://www.instagram.com/uniqool24/,,5590,uniqool-bathroom,https://findgroupbuy.com/brand/uniqool-bathroom,"Uniqool is a Singapore home improvement store providing an one-stop solutions and quality fittings for your home which include bathroom & kitchen fittings, ceiling fans, water closet, water heaters. We supply a wide variety of showers, bathroom & kitchen fittings, water heaters andceiling fans. Notable luxury brands that we carry includes Kohler, Grohe, Gessi, Rubine,Franke & American Standards. All our products are carefully selected to meet customersdemand of high quality at reasonable prices. With over 1000 different products, we are your one-stop home solution provider! At Uniqool, customer satisfaction is our utmost priority, and we ensure that every job isdone to the highest and best service standards. By providing quality furnishings at anaffordable price, we are confident that every home would look good on a budget."
ACT Hardware,Home Improvement & Tools,yes,True,False,conan@acthardware.com.sg,80302202,https://www.acthardware.com.sg/,https://www.facebook.com/acthardware.com.sg/,https://www.instagram.com/act.hardware/,,5970,act-hardware,https://findgroupbuy.com/brand/act-hardware,"We are wholesaler of Power Tools and Hand tools in Singapore for top international brands like Makita, Dewalt, Bosch, Milwaukee, Ingco, Nitti and many more."
Heveya,Bedroom,yes,True,True,benny@heveya.sg,89206683,https://www.heveya.sg/,https://www.facebook.com/heveyasg/,https://www.instagram.com/heveyasg/,,5590,heveya,https://findgroupbuy.com/brand/heveya,"We are a sustainable bedding brand focusing on natural organic latex mattresses, bed frames, and bedding accessories."
House & Homme Pte Ltd,Carpentry,yes,True,False,hello@houseandhomme.com,80192322,www.houseandhomme.com,,,,5970,oppolia,https://findgroupbuy.com/brand/oppolia,"House & Homme are the distributors for Oppolia products.   Oppolia is a professional cabinetry manufacturer and we provide a one stop service solutions for luxury kitchen cabinets, wardrobes, interior doors and storage solutions."
Laminate Door,Door,yes,True,False,sales@laminatedoor.com.sg,88829166,https://www.laminatedoor.com.sg/,https://www.facebook.com/laminatedoor,https://www.instagram.com/laminatedoor/,,5970,laminate-door,https://findgroupbuy.com/brand/laminate-door,"As Singapore’s largest distributor of high quality doors and gates, we don’t just sell — we deliver excellence through every product we install and every service we provide. Our mission is clear: to be the most trusted name in our industry, and we live that mission every day.  Laminate Door Pte Ltd is proud to be a pioneer and innovator in the interior design door and gate sector. We introduced Singapore’s first anti-bacterial laminate doors, laminate gates, and our signature Wall Art Design Gates (WAG) — redefining both functionality and aesthetics.  With a dedicated team of skilled craftsmen, we ensure that every product is a perfect blend of precision and creativity. We don’t just build doors and gates — we turn your ideas into elegant, secure, and lasting solutions.  To further enhance your security and convenience, we offer a curated range of premium digital smart locks for both doors and gates — because your safety is our top priority.  At Laminate Door Pte Ltd, your vision is our blueprint. Experience design, durability, and trust — all in one place."
Hipvan,Furniture,yes,True,False,jaslyn@hipvan.com,80685970,https://www.hipvan.com/,https://www.facebook.com/hipvanhome/,https://www.instagram.com/hipvanhome?igsh=MWdhYzI5NXM2YjUxdQ==,,5970,hipvan,https://findgroupbuy.com/brand/hipvan,"At HipVan, we believe building your dream home should be fun, simple, and within reach. Discover over 10,000 thoughtfully designed furniture, homeware, and appliance pieces — and mix and match to create a cosy space that’s stylish, affordable, and feels truly yours."
PRISM+,Smart Home,yes,True,False,corporate2@prismplus.sg,88863959,https://prismplus.sg/,https://www.facebook.com/prismplus/,https://www.instagram.com/prismplus/?hl=en,,5590,prismplus,https://findgroupbuy.com/brand/prismplus,"Renowned for our quality, customer service, and unrivalled prices, PRISM+ is a trusted Singaporean brand that offers world-class electronics and appliances for every household."
Studio Living,Furniture,,True,False,bizdev@dbizops.com,80695761,www.studioliving.sg,,,,1021,fgb-demo,https://findgroupbuy.com/brand/fgb-demo,
Deshdoor,Door,,True,False,shawn@deshingroup.com,92317826,https://deshingroup.com/full-product,,https://www.instagram.com/deshdoor/,,5970,desh-door,https://findgroupbuy.com/brand/desh-door,"Deshdoor provides modern aluminium doors for homeowners looking for something beyond the ordinary. Our doors are built with aluminium frames and honeycomb cores for durability, stability, and a clean finish.  Whether you’re renovating or planning ahead, we’re here to help you choose the right door solution with confidence."
BuildYourDesks,Furniture,yes,True,False,hello@findgroupbuy.com,88784758,https://buildyourdesks.com/,,https://www.instagram.com/byd.sg/,,5970,buildyourdesk,https://findgroupbuy.com/brand/buildyourdesk,"We specialize in electric standing desks and fully customizable workstations designed to fit your space, style, and workflow. Whether you’re working from home, gaming, or setting up an office, our desks combine function, comfort, and modern design.   ✨ What makes us different? • We can custom-make desks to your preferred size – just share your dimensions and we’ll prepare a quotation for you. • Choose from a wide selection of solid woods and engineered wood table tops. • Ergonomic electric frames with height adjustability, strong load capacity, and sleek finishes.   Your space, your style, your desk; built your way 💻✨"
Graviar,Lighting and Fans,,False,False,fgbadmin@graviar.com,83312778,,,,,5590,graviar,https://findgroupbuy.com/brand/graviar,
Yuen Tong Hong,Access and Locks,yes,True,False,yuentonghongsales@gmail.com,80834547,,yuentonghongsales@gmail.com,,,5970,yuen-tong-hong,https://findgroupbuy.com/brand/yuen-tong-hong,"Established in March 1962, Yuen Tong Hong was part of a trade union comprising purely of hardware merchants dealing in iron and brassware for the carpentry, building and engineering industries."
Aspire Lightings Pte Ltd,Lighting and Fans,yes,True,False,aspirelights@gmail.com,86858188,https://www.aspirelights.com,https://www.facebook.com/aspirelightings/,https://www.instagram.com/aspirelights,,5590,aspire-lightings,https://findgroupbuy.com/brand/aspire-lightings,Wholesale Retail LED Lightings & Bathroom Sanitary Store
HM Gallery,Window,,False,False,shereen@hmworldgroup.com,,,,,,5590,hm-gallery,https://findgroupbuy.com/brand/hm-gallery,
Trusted Fix Singapore,Services,yes,True,False,hello@trustedfix.sg,80725820,trustedfix.sg,,https://share.google/Pwm8kHt2ysy9a9f6H,,5590,trustedfix-sg,https://findgroupbuy.com/brand/trustedfix-sg,"Your Trusted SG Contractor for Handyman, Plumbing & Electrical -  Trusted by 1,000+ happy customers"
Floorrich,Floor,yes,True,False,findgroupbuy@floorrich.com,84440099,https://www.floorrich.com/,https://www.facebook.com/floorrich.sg/,https://www.instagram.com/floorrich.sg/,,5590,floorrich,https://findgroupbuy.com/brand/floorrich,"Floorrich is one of Singapore most trusted flooring brand, with over 16 years of experience.  Floorrich™ MISSION: To install quality flooring that will last for generations. Powered by innovative technology.  Floorrich™ provides comprehensive collection of popular vinyl flooring options to suit every home decor design trends and budget.  We provide in house professional installation team that are trained and paid careful attention to every detail, ensuring every area fit perfectly.  We believe that floor renovation should not be a headache. From your first consultation to completion, our flooring experts will handle every technical details so that you can have a peace of mind.  ✅eco-friendly materials (low in formaldehyde) certified by Singapore Green Building Council ✅FLOORRICH™ GUARANTEE & WARRANTY  Let our flooring specialists help you find the perfect flooring match for your home’s unique decor."
CIRCLE 96,Services,,False,False,contact@circle96.com,88353465,www.circle96.com,https://www.facebook.com/CIRCLE96LLP,,,5970,circle96,https://findgroupbuy.com/brand/circle96,Modern Feng Shui Wealth Sector Enhancement Service S$388.
Ruhens,Water Dispenser,,True,False,marketing@ruhens.com.sg,91817589,www.ruhens.com.sg,ruhenssingapore,ruhenssg,,5590,ruhens,https://findgroupbuy.com/brand/ruhens,"Ruhens is a trusted home-health technology brand with over 35 years of expertise in advanced water purification systems. It focuses on quality, safety and innovation, investing in R&D and patented technology to deliver advanced water purification systems. Ruhens also provides full-service support from pre-sale advice to after-sales care and operates showrooms in Singapore. Ensuring that you get the most suitable, highly-effective product for your room or house."
Esperto Paintworks,Services,yes,True,False,hngstantly@gmail.com,97887113,www.espertopaintworks.com,Esperto Paintworks,esperto_sg,,5590,esperto-paintworks,https://findgroupbuy.com/brand/esperto-paintworks,
YU HOME,Home and Living,,True,False,valgoh@yuhome.com.sg,86860666,https://yuhome.com.sg/,,,,5590,yuhome,https://findgroupbuy.com/brand/yuhome,
Omnishade,Window,yes,True,False,sales@buildcoreadvisory.com,80222902,www.omnishadesg.com,sales@buildcoreadvisory.com,https://www.instagram.com/omnishade.sg/,,5970,omnishade,https://findgroupbuy.com/brand/omnishade,"OmniShade SG is a Singapore-based specialist in premium indoor and outdoor blind systems, delivering functional, stylish, and durable shading solutions for modern homes and commercial spaces.  We provide customized blind installations tailored to your space, with a wide range of colour themes and material options to complement your interior and exterior design. Our solutions are built to withstand Singapore’s climate — offering waterproof, UV sunshade, pest-free, and pet-friendly options for enhanced comfort and protection.  At OmniShade SG, we focus on quality workmanship, precise measurement, and professional installation to ensure long-lasting performance and customer satisfaction. With over 2 years of establishment and a growing portfolio of successful projects, we are committed to helping homeowners create cooler, more comfortable living environments.  From consultation to installation, OmniShade SG delivers reliable shading solutions you can trust."
Helpling Singapore,Services,yes,True,True,marketing.sg@helpling.com,80685970,https://www.helpling.com.sg/,https://www.facebook.com/helpling.sg/,https://www.instagram.com/helpling.sg/,,,helpling,https://findgroupbuy.com/brand/helpling,"🌟 Voted No.1 Home Service App in Singapore 🧹 Hotel-quality home cleaning from $21/hr 📋 50-point cleaning checklist 🫶🏻 Trusted by 450,000+ homes"
Guan Seng Electrical,Lighting and Fans,yes,True,False,shop.guansengsg@gmail.com,67107533,https://guansengelectrical.com/,,,,5970,guanseng-electrical,https://findgroupbuy.com/brand/guanseng-electrical,"Welcome to Guan Seng Electrical! With a legacy dating back to 1977, we've become a trusted household name throughout Singapore. Our passion lies in offering top-notch switches, fans, and lights to illuminate and enhance your living spaces."
Fullsun Sanitary Wares & Fittings,Bathroom,yes,True,False,fullsunsocialmedia@gmail.com,83669294,https://www.fullsun.com.sg/?srsltid=AfmBOoqUtEsEnkxnrxAnAuPeaKUTbWgMbtfJBPW9I1_RkhPAR0Wb9XL2,https://www.facebook.com/share/1Hyrw1aq3K/?mibextid=wwXIfr,https://www.instagram.com/fullsunmarketing?igsh=YzZrMnFnaTV4dW4x&utm_source=qr,,1021,fullsun,https://findgroupbuy.com/brand/fullsun,Leading supplier of premium bathroom fittings from TOTO.
Dekor Singapore,Floor,yes,True,False,admin@dekor.com.sg,82753421,https://www.dekor.com.sg/,https://www.facebook.com/share/18PFGtL32A/?mibextid=wwXIfr,https://www.instagram.com/dekor.sg?igsh=b3ozYjQxOXpyMnoy&utm_source=qr,,1021,dekorsg,https://findgroupbuy.com/brand/dekorsg,"We specialize in high-quality tiles designed to elevate modern spaces with style and durability. Our curated collections offer a wide range of designs, from timeless classics to contemporary statement pieces. With a focus on quality and design, we provide tiles that suit both residential and commercial projects."
Jing Yit Service Pte Ltd (Aircon Company),Air Condition,,True,False,jingyitservice@gmail.com,97795666,https://jingyitairconservicing.sg/,,,,1021,jingyit-aircon,https://findgroupbuy.com/brand/jingyit-aircon,"Jing Yit Service Pte Ltd specialises in aircon installation for BTO and new homeowners in Singapore.  We provide complete installation solutions, including system recommendation, piping work, trunking, and professional setup to ensure long-term reliability.  Our team focuses on proper workmanship, neat finishing, and honest advice — helping homeowners avoid common installation issues in the future.  ✔ Experienced in BTO projects ✔ Transparent pricing (no hidden cost) ✔ Quality materials & proper installation ✔ After-sales support you can rely on  We are committed to delivering a smooth and stress-free experience for your new home."
